element_type,osmid,name,name:ca,name:de,name:en,name:es,name:he,tourism,website,wikidata,wikipedia,geometry,barrier,foot,fee,natural,castle_type,castle_type:ca,ele,historic,note,ruins,toilets:wheelchair,wheelchair,wheelchair:description,addr:housenumber,addr:postcode,addr:street,email,name:eo,name:fr,phone,description,nodes,name:sk,nudism,opening_hours,surface,leisure,sport,amenity,building,religion,aeroway,area,display_name,source,place,abandoned:landuse,access,shop,ways,type,landuse,contact:phone,contact:website,image,image:0,man_made,seamark:light:1:character,seamark:light:1:colour,seamark:light:1:group,seamark:light:1:height,seamark:light:1:period,seamark:light:1:range,seamark:light:1:sector_end,seamark:light:1:sector_start,seamark:light:1:sequence,seamark:light:reference,seamark:name,seamark:type,start_date,wikimedia_commons,archaeological_site,site_type,drinking_water,comment,craft,handrail,highway,incline,lit,ramp,step_count,bridge,heritage,heritage:operator,layer,tower:type,denomination,architect,addr:city,operator,artwork_type,description:en,alt_name,official_name,building:architecture,height,url,url:0,contact:facebook,contact:instagram,contact:twitter,contact:youtube,opening_hours:covid19,date,alt_name:en,source:description,building:colour,building:material,name:lt,name:ru,note:fee,roof:colour,product,material,waterway,charge,building:levels,source:date
node,289535967,Coves del Drac,Coves del Drach,Drachenhöhlen,Drach (Dragon's) Cave,Cuevas del Drach,מערות דראק,attraction,https://www.cuevasdeldrach.com,Q429431,en:Cuevas del Drach,POINT (3.3302537 39.5358115),,,,,,,,,,,,,,,,,,,,,,,,,,,,,,,,,,,,,,,,,,,,,,,,,,,,,,,,,,,,,,,,,,,,,,,,,,,,,,,,,,,,,,,,,,,,,,,,,,,,,,,,,,,,,
node,461872664,Banys de sa Font Santa,Banys de sa Font Santa,,,,,attraction,,,,POINT (3.0157597 39.3540842),,,,,,,,,,,,,,,,,,,,,,,,,,,,,,,,,,,,,,,,,,,,,,,,,,,,,,,,,,,,,,,,,,,,,,,,,,,,,,,,,,,,,,,,,,,,,,,,,,,,,,,,,,,,,
node,682373612,Barraca de roter,,,,,,attraction,,,,POINT (3.1862223 39.3466269),,,,,,,,,,,,,,,,,,,,,,,,,,,,,,,,,,,,,,,,,,,,,,,,,,,,,,,,,,,,,,,,,,,,,,,,,,,,,,,,,,,,,,,,,,,,,,,,,,,,,,,,,,,,,
node,682373697,Ca na Martina,,,,,,attraction,,,,POINT (3.1902571 39.3565274),,,,,,,,,,,,,,,,,,,,,,,,,,,,,,,,,,,,,,,,,,,,,,,,,,,,,,,,,,,,,,,,,,,,,,,,,,,,,,,,,,,,,,,,,,,,,,,,,,,,,,,,,,,,,
node,687808647,Coves dels Hams,Coves dels Hams,Höhlen - Coves dels Hams,,,,attraction,https://cuevasdelshams.com,Q40697,en:Coves dels Hams,POINT (3.3201169 39.5449827),,,yes,cave_entrance,,,,,,,,,,,,,,,,,,,,,,,,,,,,,,,,,,,,,,,,,,,,,,,,,,,,,,,,,,,,,,,,,,,,,,,,,,,,,,,,,,,,,,,,,,,,,,,,,,,,,,,,,
node,2795373918,Castell de Santueri,Castell de Santueri,,,,,attraction,http://www.santueri.org,Q908268,ca:Castell de Santueri,POINT (3.1878164 39.4320235),,,,,castrum,castell roquer,420.89,castle,Castell roquer,yes,,,,,,,,,,,,,,,,,,,,,,,,,,,,,,,,,,,,,,,,,,,,,,,,,,,,,,,,,,,,,,,,,,,,,,,,,,,,,,,,,,,,,,,,,,,,,,,,,,,
node,3549391493,,,Strandpromenade,,,,attraction,,,,POINT (3.3752617 39.5705161),,,,,,,,,,,yes,yes,"de: Voll rollstuhlgerecht, keine Pflastersteine, Rolliparkplätze vorhanden",,,,,,,,,,,,,,,,,,,,,,,,,,,,,,,,,,,,,,,,,,,,,,,,,,,,,,,,,,,,,,,,,,,,,,,,,,,,,,,,,,,,,,,,,,,,,,,,
node,4404099089,Via Verda,Via Verda,,Vía Verde Bike Trail,Vía Verde,,attraction,,,,POINT (3.2174125 39.5736272),,,,,,,,,,,,,,,,,,,,,,,,,,,,,,,,,,,,,,,,,,,,,,,,,,,,,,,,,,,,,,,,,,,,,,,,,,,,,,,,,,,,,,,,,,,,,,,,,,,,,,,,,,,,,
node,4490965891,Aeroport de globus Mallorca Balloons,Aeroport de globus Mallorca Balloons,,Mallorca Balloons airport,Globodromo Mallorca Balloons,,attraction,http://www.mallorcaballoons.com,,,POINT (3.156088 39.5746099),,,,,,,,,,,,,,exit 44,07500,Autovia MA-15,info@mallorcaballoons.com,Ballonhafen Mallorca balloons,Aeroport de Montgolfiere,+34 971596969,,,,,,,,,,,,,,,,,,,,,,,,,,,,,,,,,,,,,,,,,,,,,,,,,,,,,,,,,,,,,,,,,,,,,,,,,,,,,,,,,,,,,,,,,
node,4637583289,Can Barceló,Can Barceló,,,,,attraction,http://nerea.cat,,,POINT (3.2132741 39.5725051),,,,,,,,,,,,,,28,07500,Carrer des Barracar,,,,,,,,,,,,,,,,,,,,,,,,,,,,,,,,,,,,,,,,,,,,,,,,,,,,,,,,,,,,,,,,,,,,,,,,,,,,,,,,,,,,,,,,,,,,,
node,4686332391,Playa Es Trenc,,,,Playa Es Trenc,,attraction,,,,POINT (2.9900779 39.3382344),,,,,,,,,,,,,,,,,,,,,,,,,,,,,,,,,,,,,,,,,,,,,,,,,,,,,,,,,,,,,,,,,,,,,,,,,,,,,,,,,,,,,,,,,,,,,,,,,,,,,,,,,,,,,
node,5212613323,,,,,,,attraction,,,,POINT (3.389993 39.5767924),,,,,,,,,,,,,,,,,,,,,old bunkers,,,,,,,,,,,,,,,,,,,,,,,,,,,,,,,,,,,,,,,,,,,,,,,,,,,,,,,,,,,,,,,,,,,,,,,,,,,,,,,,,,,,,,,,
node,5633232355,Horse to Castle,,,,,,attraction,,,,POINT (3.3786912 39.577228),,,,,,,,,,,,,,,,,,,,,,,,,,,,,,,,,,,,,,,,,,,,,,,,,,,,,,,,,,,,,,,,,,,,,,,,,,,,,,,,,,,,,,,,,,,,,,,,,,,,,,,,,,,,,
node,6389024185,Pont natural,,Felsentor,,,,attraction,,,,POINT (3.2999922 39.5002352),,,,,,,,,,,,,,,,,,,,,,,,,,,,,,,,,,,,,,,,,,,,,,,,,,,,,,,,,,,,,,,,,,,,,,,,,,,,,,,,,,,,,,,,,,,,,,,,,,,,,,,,,,,,,
node,6733341386,,,,Buggy 4 Fun,,,attraction,http://www.buggy4fun.es,,,POINT (3.3825119 39.5959209),,,,,,,,,,,,,,3,07560,Carrer de l'Olivar,,,,,,,,,,,,,,,,,,,,,,,,,,,,,,,,,,,,,,,,,,,,,,,,,,,,,,,,,,,,,,,,,,,,,,,,,,,,,,,,,,,,,,,,,,,,,
node,9780184844,Via Verda,Via Verda,,Vía Verde Bike Trail,Vía Verde,,attraction,,,,POINT (3.2174125 39.5736272),,,,,,,,,,,,,,,,,,,,,,,,,,,,,,,,,,,,,,,,,,,,,,,,,,,,,,,,,,,,,,,,,,,,,,,,,,,,,,,,,,,,,,,,,,,,,,,,,,,,,,,,,,,,,
way,38827140,Platja d'es Trenc,Platja d'es Trenc,,Es Trenc Beach,Playa de es Trenc,,attraction,,Q11919677,en:Es Trenc,"POLYGON ((2.9906282 39.333935, 2.9908322 39.334315, 2.9910151 39.3344797, 2.9910032 39.3345895, 2.9909678 39.3349418, 2.9909914 39.335166, 2.9911915 39.3354687, 2.9911186 39.33577, 2.9907045 39.3368956, 2.9901661 39.3378656, 2.9899063 39.3381969, 2.9894613 39.3383794, 2.9893233 39.3385606, 2.9893274 39.3389068, 2.9892103 39.3391947, 2.988997 39.3394826, 2.9885577 39.3399712, 2.9882398 39.3402397, 2.9878592 39.3406085, 2.9875914 39.3405826, 2.987389 39.3409787, 2.9872234 39.3412075, 2.9872438 39.3413261, 2.9870191 39.3415276, 2.9866926 39.3418294, 2.9864957 39.3421408, 2.9862608 39.3425653, 2.9858331 39.3427447, 2.9855373 39.3431748, 2.9848038 39.3440715, 2.983451 39.3453181, 2.9830517 39.3457651, 2.9823716 39.3462766, 2.9818685 39.3468448, 2.9809101 39.3476133, 2.9802002 39.3482355, 2.9786147 39.3497269, 2.9770902 39.3508728, 2.9749026 39.3523275, 2.9741889 39.3529077, 2.9744588 39.3530151, 2.9746724 39.3531033, 2.9750854 39.3528203, 2.9757175 39.3523077, 2.9763701 39.3518225, 2.9771208 39.3512962, 2.9781479 39.3505706, 2.979011 39.3497998, 2.9801934 39.3486262, 2.9811933 39.3477078, 2.9819059 39.3470778, 2.9824704 39.3465956, 2.9830277 39.3461658, 2.9834548 39.3458989, 2.9837615 39.3455694, 2.9842261 39.3450584, 2.9845085 39.3448509, 2.9852781 39.3439655, 2.9863666 39.3427942, 2.986814 39.3422385, 2.986897 39.3419806, 2.9873829 39.3416006, 2.9879602 39.3408177, 2.9887735 39.3401017, 2.9888977 39.3398871, 2.9891563 39.3396434, 2.9895349 39.3391446, 2.9897982 39.3387191, 2.9902199 39.3383939, 2.990954 39.3370552, 2.9913341 39.3357195, 2.9912676 39.33517, 2.9912062 39.334747, 2.9910546 39.3341222, 2.9909851 39.3336537, 2.9909847 39.333532, 2.9907845 39.3335872, 2.9906282 39.333935))",,,,beach,,,,,,,,limited,,,,,,,,,,"[734112919, 1255138903, 1774675686, 1774675688, 1774675690, 1774675692, 36181265, 1774675701, 1774675702, 1774675704, 36181268, 1774675705, 1774675706, 1774675745, 1774675782, 1774675811, 1774675868, 1774675880, 1774675900, 1774675899, 1774675909, 1774675918, 8574647060, 1774675936, 1774675940, 1774675941, 8574647061, 1774675945, 1774675948, 1774675952, 25299185, 1774675956, 461796771, 1774675960, 1774675961, 1774675963, 1774675964, 308066330, 1774675972, 308066329, 461796782, 461796781, 461796770, 1774675970, 1774675968, 461796774, 1774675966, 1774675965, 461796775, 1774675962, 461796773, 1774675959, 1774675958, 1774675957, 1774675955, 1774675954, 461796776, 1774675950, 1774675947, 1774675943, 460916470, 1774675938, 1774675905, 433178890, 1774675850, 1774675820, 1774675776, 1774675714, 460916467, 1774675703, 460916485, 1774675694, 1255138960, 1774675684, 460916464, 461796769, 1774675682, 734112919]",plaz es trenc,yes,24/7,sand,,,,,,,,,,,,,,,,,,,,,,,,,,,,,,,,,,,,,,,,,,,,,,,,,,,,,,,,,,,,,,,,,,,,,,,,,,,,,,,,,,,
way,38875741,Botanicactus,Botanicactus,,,,,attraction,http://www.botanicactus.com,Q429533,,"POLYGON ((3.0621694 39.3415301, 3.0620259 39.3433503, 3.0665374 39.3435557, 3.0677712 39.3422219, 3.0683237 39.3417801, 3.0687858 39.3410198, 3.0695763 39.34072, 3.0683132 39.3407814, 3.0667815 39.3402906, 3.0665615 39.3403404, 3.0662286 39.3408484, 3.0659261 39.340974, 3.0659477 39.3414552, 3.06584 39.3414532, 3.0649428 39.3415571, 3.0647467 39.3408152, 3.0653985 39.3411357, 3.0655637 39.3408859, 3.0659543 39.3407664, 3.0663258 39.3402403, 3.066259 39.3401331, 3.0658165 39.3399972, 3.0651961 39.3398647, 3.0645059 39.339936, 3.0648184 39.3413546, 3.0646332 39.3415634, 3.0626831 39.3415006, 3.0621694 39.3415301))",,,,,,,,,,,,,,,,,,,,+34 971649494,,"[461809953, 461809954, 461809955, 461809956, 461809957, 461809958, 461809959, 461809960, 461809961, 461809984, 461809982, 461809981, 461809973, 461809985, 461809972, 461809975, 901675834, 461809976, 461809980, 461809977, 10647027834, 10647027833, 461809962, 461809963, 1734228070, 461809964, 461809965, 461809953]",,,Mo-Su 09:00-18:00; Nov-Jan 10:30-16:30; Jun-Aug Sa-Su 09:00-14:00,,garden,,,,,,,,,,,,,,,,,,,,,,,,,,,,,,,,,,,,,,,,,,,,,,,,,,,,,,,,,,,,,,,,,,,,,,,,,,,,,,,,,,
way,81351804,pista 2,pista 2,,,,,attraction,,,,"POLYGON ((3.2703527 39.4595474, 3.2702638 39.4592647, 3.2704762 39.4592204, 3.2705575 39.4595135, 3.2703527 39.4595474))",,,,,,,,,,,,,,,,,,,,,,"[947938079, 947938082, 947938084, 947938085, 947938079]",,,,,pitch,tennis,,,,,,,,,,,,,,,,,,,,,,,,,,,,,,,,,,,,,,,,,,,,,,,,,,,,,,,,,,,,,,,,,,,,,,,,,,,,,,,,,
way,81351805,pista 1,pista 1,,,,,attraction,,,,"POLYGON ((3.2702638 39.4592647, 3.2704762 39.4592204, 3.2706491 39.4591843, 3.2705969 39.4590353, 3.2702116 39.4591156, 3.2702638 39.4592647))",,,,,,,,,,,,,,,,,,,,,,"[947938082, 947938084, 947938095, 947938096, 947938097, 947938082]",,,,,pitch,tennis,,,,,,,,,,,,,,,,,,,,,,,,,,,,,,,,,,,,,,,,,,,,,,,,,,,,,,,,,,,,,,,,,,,,,,,,,,,,,,,,,
way,81351812,pista 3,pista 3,,,,,attraction,,,,"POLYGON ((3.2707349 39.4594869, 3.2708307 39.4596225, 3.2712015 39.4594666, 3.2711057 39.4593309, 3.2707349 39.4594869))",,,,,,,,,,,,,,,,,,,,,,"[947938236, 947938226, 947938227, 947938234, 947938236]",,,,,pitch,tennis,,,,,,,,,,,,,,,,,,,,,,,,,,,,,,,,,,,,,,,,,,,,,,,,,,,,,,,,,,,,,,,,,,,,,,,,,,,,,,,,,
way,136436842,Ermita de Bonany,,,,,,attraction,,,,"POLYGON ((3.0868734 39.5943477, 3.0871361 39.5945081, 3.0870906 39.5945524, 3.087294 39.5946766, 3.0875138 39.5944628, 3.0874064 39.5943972, 3.0874337 39.5943707, 3.0872433 39.5942544, 3.0870658 39.594427, 3.0868975 39.5943243, 3.0868734 39.5943477))",,,,,,,317,,,,,,,,,,,,,,,"[1496551632, 1496551579, 1496551572, 1496551577, 1496551598, 1496551612, 1496551620, 1496551637, 1496551660, 1496551600, 1496551632]",,,,,,,place_of_worship,yes,christian,,,,,,,,,,,,,,,,,,,,,,,,,,,,,,,,,,,,,,,,,,,,,,,,,,,,,,,,,,,,,,,,,,,,,,,,,,,,,,
way,144029225,Globòdrom de Son Perot,,,,,,attraction,http://www.mallorcaballoons.com,,,"POLYGON ((3.15527 39.5749813, 3.1557765 39.5748919, 3.156546 39.5748502, 3.1567354 39.5743882, 3.1567238 39.5743226, 3.1559041 39.5743375, 3.1558268 39.5745968, 3.1553937 39.574567, 3.15527 39.5749813))",,,,,,,,,For aerostatic balloon launch,,,,,exit 44,07500,Ma-15,,,,+34 971596969,,"[1576180192, 1576180184, 1576180181, 1576180165, 1576180162, 1576180163, 1576180175, 1576180174, 1576180192]",,,Mo-Sa 07:00-22:00,,,,,,,balloon_launch,yes,Globódromo de Son Perot,,,,,,,,,,,,,,,,,,,,,,,,,,,,,,,,,,,,,,,,,,,,,,,,,,,,,,,,,,,,,,,,,,,,,,,,,,,
way,538545249,,,,,,,attraction,,,,"POLYGON ((3.3917407 39.5768981, 3.391664 39.5766595, 3.3924741 39.5765164, 3.3925605 39.5767599, 3.3918679 39.5769065, 3.3917407 39.5768981))",,,,,,,,,,,,no,,,,,,,,,old stone quarry directly at/in the sea with nice looks and an interesting sandstone wall at the way leading to it,"[5212613328, 5212613331, 5212613330, 5212613329, 2388948415, 5212613328]",,,,,,,,,,,,,,,quarry,,,,,,,,,,,,,,,,,,,,,,,,,,,,,,,,,,,,,,,,,,,,,,,,,,,,,,,,,,,,,,,,,,,,,,,,
relation,2286045,Parc natural de Mondragó,Parc natural de Mondragó,,,,,attraction,,,,"POLYGON ((3.180879 39.3352013, 3.1804868 39.3355221, 3.1802744 39.3354338, 3.1797227 39.3352418, 3.1792394 39.3350157, 3.178941 39.3348449, 3.1786964 39.3346926, 3.1783801 39.3344803, 3.1780392 39.3342765, 3.1779863 39.3342449, 3.1776522 39.3340003, 3.1774015 39.3337511, 3.1772285 39.3334696, 3.1769958 39.3331834, 3.1769284 39.3331218, 3.1765742 39.3329751, 3.1756928 39.3327375, 3.1754761 39.3327024, 3.1753488 39.3327048, 3.175264 39.3327417, 3.1751235 39.3328716, 3.1751102 39.3328834, 3.1747403 39.333225, 3.1740719 39.333848, 3.1737736 39.3341203, 3.1735647 39.334388, 3.1734605 39.3345697, 3.1733352 39.334939, 3.1732517 39.3353451, 3.1731264 39.3357143, 3.1730369 39.3359081, 3.1728554 39.3360829, 3.172717 39.3361982, 3.1726251 39.3363558, 3.1725468 39.336441, 3.1722251 39.337105, 3.1720876 39.337339, 3.1720198 39.3374247, 3.1719226 39.3374932, 3.1709344 39.3379516, 3.1704102 39.3382056, 3.1697666 39.3394456, 3.1701145 39.3395164, 3.1703325 39.3395144, 3.1707122 39.3393482, 3.1712397 39.3390775, 3.1714633 39.3389999, 3.1716163 39.3390072, 3.1717634 39.3390748, 3.1719705 39.3392432, 3.1722927 39.3395332, 3.1725651 39.3397507, 3.1731809 39.3400564, 3.1738788 39.34028, 3.1747266 39.34046, 3.1751199 39.3405463, 3.1753903 39.3406879, 3.1756392 39.3408805, 3.1760182 39.3411168, 3.1762849 39.3412807, 3.1754178 39.3420737, 3.1743983 39.3414389, 3.1734809 39.3412462, 3.1729938 39.3429555, 3.1727257 39.343467, 3.1721602 39.3431795, 3.1713483 39.3439118, 3.1687571 39.3435004, 3.1661907 39.343943, 3.1663924 39.3449498, 3.1642422 39.3471294, 3.1633838 39.3476927, 3.1626594 39.3481787, 3.1613574 39.3484389, 3.1622599 39.3492001, 3.1618099 39.3498794, 3.1641279 39.3503928, 3.1638341 39.3516357, 3.1627598 39.3529164, 3.1637965 39.3534579, 3.1635816 39.3541294, 3.1627698 39.3538508, 3.1620878 39.3541151, 3.1612368 39.3550069, 3.1599934 39.355552, 3.1584653 39.35635, 3.1574788 39.3565268, 3.1557782 39.3577769, 3.1593928 39.3588663, 3.1631125 39.3608872, 3.1665364 39.3638418, 3.1696131 39.3669688, 3.1726825 39.369218, 3.1761815 39.3702252, 3.1760398 39.3708006, 3.1759547 39.3713103, 3.1760752 39.3714692, 3.1759901 39.371661, 3.175742 39.3719295, 3.1752458 39.3722199, 3.1748701 39.3724556, 3.1747212 39.3725816, 3.1747567 39.3727515, 3.1748346 39.3730858, 3.1749622 39.3733214, 3.1752529 39.3736886, 3.175742 39.3734365, 3.1762524 39.3732228, 3.1767274 39.3731625, 3.1773512 39.3730364, 3.1775213 39.3729378, 3.1776489 39.3727351, 3.1778829 39.3726035, 3.1784145 39.3724501, 3.1793077 39.3721651, 3.1800875 39.3718309, 3.1807822 39.3715021, 3.1812855 39.3714692, 3.1817108 39.3714527, 3.1826111 39.3714418, 3.1830719 39.371524, 3.1836319 39.3715678, 3.183958 39.3713979, 3.1843479 39.3710034, 3.1846598 39.3705595, 3.1851419 39.3699731, 3.1854183 39.3695237, 3.1855672 39.369036, 3.1855885 39.3686469, 3.1858578 39.3681317, 3.1863328 39.3678358, 3.1868574 39.3674357, 3.1875352 39.3668588, 3.1880554 39.3662684, 3.1883602 39.36583, 3.1888989 39.3650956, 3.1895866 39.3641694, 3.1897921 39.3636871, 3.1899197 39.3632157, 3.1901324 39.3627499, 3.190501 39.3622785, 3.1909567 39.3616951, 3.1914428 39.3610461, 3.1918054 39.3603657, 3.1921244 39.3598012, 3.1921527 39.359434, 3.1920464 39.3586831, 3.1918656 39.3580169, 3.1913308 39.3575766, 3.1911457 39.3573707, 3.1910398 39.3570957, 3.1911674 39.3569455, 3.1919046 39.3568414, 3.1923087 39.3562385, 3.1932161 39.3548024, 3.1938753 39.3541336, 3.1938257 39.3533553, 3.194563 39.3527633, 3.1951088 39.3523028, 3.1954554 39.3518241, 3.1953346 39.3518506, 3.1953213 39.3516803, 3.195202 39.3518931, 3.1950586 39.351927, 3.1947786 39.3517553, 3.1944454 39.351757, 3.1941399 39.3518059, 3.1941272 39.3517648, 3.19432 39.3516548, 3.1941073 39.3515859, 3.1941059 39.3514908, 3.1938145 39.3512987, 3.1936321 39.3513695, 3.1933638 39.3512328, 3.1926818 39.3512596, 3.1925165 39.3512009, 3.1924178 39.3511972, 3.1924754 39.3516584, 3.1927409 39.3519167, 3.1930399 39.3523617, 3.1927686 39.3524769, 3.1924542 39.35218, 3.1920221 39.3519307, 3.1915999 39.3519966, 3.1912693 39.3518877, 3.1912984 39.351574, 3.1913841 39.3514186, 3.1917673 39.3503744, 3.1916704 39.3503545, 3.1916238 39.3502495, 3.1915891 39.3501945, 3.1914576 39.3501759, 3.1913441 39.3502135, 3.1912326 39.3502354, 3.19097 39.35016, 3.1908375 39.3501916, 3.1907645 39.3501759, 3.1906409 39.3502636, 3.1904747 39.3503091, 3.1903343 39.35037, 3.1902947 39.350386, 3.1902238 39.3503797, 3.1901741 39.3503993, 3.1901488 39.3503962, 3.1901447 39.3503844, 3.190167 39.3503429, 3.190162 39.3503327, 3.1901224 39.3503304, 3.1900434 39.3503923, 3.1899269 39.350426, 3.1898073 39.3504526, 3.1896119 39.3504589, 3.1895105 39.3504581, 3.189475 39.3504503, 3.1894223 39.3504291, 3.189398 39.3504111, 3.1893909 39.3503986, 3.1893787 39.3503837, 3.1893878 39.3503735, 3.1893868 39.3503523, 3.1894081 39.3503445, 3.1894304 39.3503163, 3.1894193 39.3502928, 3.189398 39.3502693, 3.1893564 39.3502505, 3.18932 39.3502497, 3.1892956 39.3502356, 3.1892516 39.3502625, 3.1892257 39.3502716, 3.1891923 39.3502552, 3.1891244 39.3501643, 3.1891173 39.3501455, 3.1890707 39.3501345, 3.1889998 39.3501322, 3.1889623 39.3501463, 3.1889157 39.350176, 3.1888792 39.3502129, 3.1888782 39.350234, 3.1888812 39.3502583, 3.188862 39.3502599, 3.1888549 39.3502387, 3.1888234 39.3502339, 3.1887833 39.350255, 3.188789 39.3502915, 3.1888019 39.3503214, 3.1887924 39.3503618, 3.1888005 39.350427, 3.1887742 39.3504372, 3.1887316 39.3504325, 3.1887133 39.3504194, 3.1887043 39.3504129, 3.1886719 39.3504082, 3.1886374 39.3504208, 3.1886455 39.3504647, 3.1886838 39.3505521, 3.1886942 39.3505759, 3.1887636 39.3506623, 3.1887874 39.3506919, 3.1888636 39.35092, 3.1889094 39.3509743, 3.1889209 39.351032, 3.1889438 39.3510663, 3.1889281 39.3511062, 3.1889496 39.3511295, 3.1889614 39.3511631, 3.1889431 39.3512191, 3.1889446 39.3512803, 3.188979 39.3512992, 3.188969 39.3513479, 3.188951 39.351389, 3.1889577 39.3515282, 3.1889673 39.3516946, 3.1889247 39.3517902, 3.1888639 39.3518184, 3.1888274 39.3518842, 3.1888342 39.3520208, 3.1884561 39.3520355, 3.1879453 39.3519894, 3.1879798 39.3515567, 3.1878905 39.3512271, 3.1876462 39.3510724, 3.1871707 39.3508249, 3.1867179 39.3508391, 3.1856885 39.3503989, 3.1854056 39.3504043, 3.1854113 39.3500911, 3.1856985 39.3497205, 3.1860981 39.3495737, 3.1864789 39.349563, 3.1867501 39.3498968, 3.1870609 39.3498054, 3.1879497 39.3489485, 3.1886652 39.3484947, 3.1896614 39.348214, 3.1899949 39.3483224, 3.1901367 39.3482868, 3.1900036 39.3481141, 3.1901539 39.3479716, 3.1898742 39.3477383, 3.1892048 39.347381, 3.1895314 39.3473648, 3.1903824 39.3475932, 3.19019 39.3473765, 3.1905463 39.3471576, 3.1903815 39.3469336, 3.1908211 39.3467859, 3.1911292 39.3468305, 3.1919539 39.3462466, 3.1922839 39.3462369, 3.1919291 39.3459386, 3.1921107 39.3455906, 3.1918623 39.3450189, 3.1913494 39.3447136, 3.1908926 39.3445487, 3.1907833 39.344671, 3.1906391 39.3446913, 3.1903937 39.3445854, 3.1902841 39.3444526, 3.1902662 39.3442373, 3.1896602 39.3439056, 3.1894933 39.3439222, 3.1893148 39.3438429, 3.189177 39.343858, 3.1891633 39.3437352, 3.1892757 39.3435441, 3.1891336 39.3434199, 3.1892527 39.3431305, 3.1891172 39.3424506, 3.189087 39.3418609, 3.1881554 39.3409076, 3.1880108 39.3403857, 3.1881896 39.3400284, 3.1881121 39.3399819, 3.1879927 39.3397673, 3.1882681 39.3396549, 3.1879459 39.3395749, 3.1879707 39.3394043, 3.1879805 39.3391941, 3.1877943 39.3390025, 3.1876814 39.33906, 3.1875518 39.3390193, 3.187535 39.3389559, 3.1873301 39.3389159, 3.1872171 39.3389021, 3.187171 39.3387266, 3.1870537 39.3386893, 3.1869932 39.3385992, 3.187171 39.3386223, 3.1874221 39.3387751, 3.188181 39.3387242, 3.188848 39.3388221, 3.1892895 39.3387241, 3.1889899 39.3377042, 3.1886987 39.3379937, 3.1885041 39.3373455, 3.1880073 39.3372359, 3.1879719 39.3369355, 3.1872927 39.3368757, 3.1873286 39.3365844, 3.1872036 39.3365172, 3.1870291 39.336297, 3.1872515 39.3359856, 3.1873638 39.33562, 3.1865185 39.3350307, 3.1855293 39.3349133, 3.184292 39.3353342, 3.1831667 39.3354475, 3.1819874 39.3353668, 3.180879 39.3352013))",,,,,,,,,,,,,,,,,,,,,,"[[[502669374, 1306876356, 1306876418, 1306876401, 1306876323, 502669377, 1306876425, 5777727736, 5777727737, 1306876339, 5777727735, 5777727734, 5777727732, 5777727733, 1306876358, 5777727731, 25299247, 1306876439, 1306876420, 5780438662, 5780438661, 5780438663, 5780438664, 1306876387, 5780438665, 5780438666, 5777727730, 5780438668, 5780438670, 5780438669, 5780438667, 1306876344, 5780438671, 5780438672, 1306876406, 5780438674, 5780438675, 5780438673, 1306876366, 1306876427, 1306876443, 1306876363, 1306876325, 4723152602, 4723152603, 1306876390, 9769401796, 9769401794, 9769401795, 1306876340, 1306876402, 1306876364, 9769401010, 1306876426, 9769401009, 289543695, 289543698, 1257037913, 5777727738, 5777727739, 1257037838, 1306757871, 1306757704, 1306758106, 1306758206, 1306758044, 1306757839, 1306757682, 1306757955, 1306758013, 1306757745, 1306757788, 1306758209, 1306758006, 289543651, 1306757781, 1306758202, 1306757677, 1306758040, 1306758077, 459487779, 1951023249, 1306757835, 459487775, 459487747, 1306757807, 1306758048, 459487771, 459487766, 459487759, 459487739, 289543654, 459487733, 459487729, 3066566884, 3066566883, 3066566882, 3066566881, 3066566880, 3066566879, 3066566878, 3066566877, 3066566876, 3066566875, 1091908072, 3066566874, 3066566873, 3066566872, 3066566871, 3066566870, 3066566869, 3066566868, 3066566867, 3066566864, 3066566863, 3066566856, 3066566847, 3066566843, 3066566845, 3066566846, 3066566851, 3066566852, 3066566849, 1304209607, 3066559027, 3066559023, 3066559016, 3066559008, 3066559012, 3066559019, 3066559018, 3066559009, 3066559006, 3066559004, 3066559000, 3066558997, 3066558998, 3066558999, 3066559001, 3066559017, 3066559022, 289543658, 3066559011, 3066559014, 3066559015, 3066559021, 3066559024, 3066559026, 3066559031, 3066559032, 3066566834, 3066566836, 3066566841, 3066566844, 3066566850, 3066566853, 3066566855, 1304209688, 3066566854, 3066566848, 3066566839, 3066559028, 3066559029, 3066559030, 3066566837, 3066566840, 3066566842, 3066566835, 3066566838, 1304209519, 3066559025, 3066559020, 3066559002, 3066559005, 1304209710, 3066559010, 3066559007, 3066559003, 289543806, 3066559013, 3066566833, 1304209604, 1306757777, 1304209483, 1306758003, 1304209673, 1304209490, 1951249851, 1092069980, 1304209733, 1306758166, 1304209678, 289543664, 9915729105, 9915729106, 9915766267, 9915766268, 289543705, 9915766265, 9915766266, 1306757726, 9915766264, 1306757912, 1306758038, 289543807, 1304209518, 1306757659, 1306757803, 1306758024, 1307013606], [1307013606, 1307013553, 1307013590, 1307013667, 1307013654, 1307013598, 1307013631, 1307013575, 1307013619, 1307013560, 10092533537, 1307013597, 1307013676, 1307013659, 1307013601, 1307013636, 1307013647, 1307013589, 1307013574, 1307013653, 1307013552, 1307013630, 1307013645, 1307013586, 1307013625, 1307013565, 1307013549, 1307013629, 1307013561, 1307013638, 1307013591, 1307013670, 1307013570, 1307013648, 1307013632, 1307013576, 1307013613, 1307013555, 1307013568, 1307013581, 1307013661, 1307013562, 1307013640, 1307013595, 1307013674, 1307013572, 1307013651, 1307013634, 1307013579, 1307013617, 1307013558, 1307013660, 1307013642, 1307013583, 1307013622, 1307013563, 1307013602, 1307013539, 1307013664, 1307013608, 1307013643, 1307013584, 1307013628, 1307013571, 1307013607, 1307013547, 1307013671, 10093097103, 10093097102, 10093097105, 10093097106, 10093097104, 1307013614, 10092621388, 10092709513, 10092709511, 10092709512, 10092709510, 1307013649, 1307013592, 10092709509, 10092621389, 10092767819, 1307013535, 10092767821, 10092767820, 10092767817, 10092767818, 10092621390, 1307013623, 10092621393, 10092767822, 304639656, 1307013554, 10092767829, 10092767828, 10092767827, 10092767823, 10092767824, 10092767825, 10092767826, 289544445, 289544444, 289544443, 289544362, 289544361, 289544360, 289544442, 289544358, 289544357, 289544356, 289544355, 289544441, 289544353, 289544352, 289544351, 289544440, 289544349, 289544439, 729549367, 729549368, 729549370, 4366220602, 729549371, 729549372, 729593732, 729593726, 4366220603, 729593727, 729593728, 729593729, 729593730, 729593720, 729593721, 729593723, 729593724, 729593725, 729593714, 729593738, 2596538434, 4366220625, 729593739, 4366220626, 729593740, 729593741, 2924844063, 729593742, 729593744, 729593745, 729593751, 729593752, 9769401717, 729593753, 729593754, 729593755, 729593756, 729593757, 729593758, 729593759, 502669374]]]",,,,,nature_reserve,,,,,,,,,,,,,"[171834500, 171834488]",multipolygon,,,,,,,,,,,,,,,,,,,,,,,,,,,,,,,,,,,,,,,,,,,,,,,,,,,,,,,,,,,,,,,,,,,,
relation,6803025,,,,,,,attraction,,,,"POLYGON ((3.379811 39.5933925, 3.3798261 39.593382, 3.3798519 39.5932231, 3.3798671 39.5932126, 3.3814011 39.5927815, 3.3814148 39.592757, 3.3815451 39.5918587, 3.3815345 39.5918412, 3.3802278 39.5917139, 3.3802096 39.5917337, 3.380193 39.5917968, 3.3800672 39.5917758, 3.3800565 39.5917384, 3.3800459 39.591687, 3.3800095 39.5916695, 3.3799868 39.5916228, 3.3799677 39.5915993, 3.3790887 39.5905224, 3.379063 39.5905124, 3.3788658 39.5903423, 3.3786771 39.5902531, 3.3785249 39.5902167, 3.3783341 39.5902531, 3.3781798 39.5903456, 3.3780576 39.5904199, 3.3778239 39.5905075, 3.3777639 39.5905637, 3.3777617 39.5906149, 3.3778025 39.590714, 3.3783556 39.5914657, 3.3783427 39.5914838, 3.378317 39.5914772, 3.379811 39.5933925), (3.3808318 39.592891, 3.3807245 39.5926843, 3.3804348 39.5925686, 3.3802792 39.5922255, 3.3804723 39.5921097, 3.3810034 39.5918493, 3.3814916 39.5918906, 3.3813789 39.5927381, 3.3808318 39.592891))",,,,,,,,,,,,,,,,,,,,,,"[[[2388839222, 2388839342, 2388839341, 2388839334, 2388839332, 2388839304, 2388839300, 2388839264, 2388839262, 2388839248, 2388839251, 2388839259, 2388839257, 2388839254, 2388839245, 2388839242, 2388839239, 2388839236, 2388839173, 2388839171, 2388839141, 2388839129, 2388839125, 2388839127, 2388839145, 2388839157, 2388839167, 2388839182, 2388839193, 2388839199, 2388839220, 2388839224, 2388839222], [4561686303, 4561686304, 4561686305, 4561686306, 4561686307, 4561686308, 4561686309, 4561686310, 4561686303]]]",,,,,,,,,,,,,,,,,,"[230372510, 460531648]",multipolygon,grass,,,,,,,,,,,,,,,,,,,,,,,,,,,,,,,,,,,,,,,,,,,,,,,,,,,,,,,,,,,,,,,,,,,
node,35346188,Coves d'Artà,Coves d'Artà,,,,,attraction,,Q1138119,ca:Coves d'Artà,POINT (3.4509834 39.6560947),,,,cave_entrance,,,,,,,,,,,,,,,,,,,,,"Apr-Oct 10:00-18:00, Jul-Sep 10:00-19:00, Nov-Mar 10:00-17:00",,,,,,,,,,,,,,,,,,+34 971 841 293,https://cuevasdearta.com/,,,,,,,,,,,,,,,,,,,,,,,,,,,,,,,,,,,,,,,,,,,,,,,,,,,,,,,,,,,,,,,,,
node,269635555,Fonts Ufanes,Fonts Ufanes,,,,,attraction,,Q11922561,ca:Fonts Ufanes,POINT (2.9622367 39.8036708),,,,spring,,,,,,,,,,,,,,,,,,,,,,,,,,,,,,,,,,,,,,,,,,,,,,,,,,,,,,,,,,,,,,,,,,,,,,,,,,,,,,,,,,,,,,,,,,,,,,,,,,,,,,,,,
node,274070169,Far de Formentor,Far de Formentor,,,Faro de Formentor,,attraction,,Q5856409,es:Faro de Formentor,POINT (3.212287 39.9613679),,,,,,,,,,,,,,,,,,,,,,,,,,,,,,,,,,,,,,,,,,,,,https://commons.wikimedia.org/wiki/File:Cap_De_Formentor_Lighthouse.jpg,https://photos.app.goo.gl/MSjQPYzWB3dc6Kq28,lighthouse,Fl,white,4,210,20,21,6,85,"0.2+(3.1),0.2+(3.1),0.2+(3.1),0.2+(9.9)",E 0296,Cabo de Formentor,light_major,1863-04-30,File:Cap_De_Formentor_Lighthouse.jpg,,,,,,,,,,,,,,,,,,,,,,,,,,,,,,,,,,,,,,,,,,,,,,,,
node,350564086,Via Verda,Via Verda,,,Vía Verde,,attraction,,,,POINT (3.3483432 39.6909749),,,,,,,,,,,,,,,,,,,,,,,,,,,,,,,,,,,,,,,,,,,,,,,,,,,,,,,,,,,,,,,,,,,,,,,,,,,,,,,,,,,,,,,,,,,,,,,,,,,,,,,,,,,,,
node,678832675,Necròpolis de Son Real,Necròpoli de Son Real,,,,,attraction,,Q727501,ca:Necròpoli de Son Real,POINT (3.1821989 39.7549582),,,,,,,,archaeological_site,,,,,,,,,,,,,,,,,,,,,,,,,,,,,,,,,,,,,,,,,,,,,,,,,,,,,,necropolis,necropolis,,,,,,,,,,,,,,,,,,,,,,,,,,,,,,,,,,,,,,,,,,,,,,
node,710196103,,,,,,,attraction,,,,POINT (3.0144291 39.8818148),,,,,,,,,,,,,,,,,,,,,,,,,,,,,fountain,,,,,,,,,,,,,,,,,,,,,,,,,,,,,,,,,,,no,,,,,,,,,,,,,,,,,,,,,,,,,,,,,,,,,,,,,,,,,,,,,
node,710209579,Cases de Neu,,,,,,attraction,,Q2247328,de:Schneehäuser auf Mallorca,POINT (2.9394267 39.8452833),,,,,,,,yes,,yes,,,,,,,,,,,To store snow for medical purposes and to keep fish fresh,,,,,,,,,,,,,,,,,,,,,,,,,,,,,,,,,,,,,,,,,,,,,,,,,,,,,,,,,,,,,,,,,,,,,,,,,,,,,,,,,,,,,,,,
node,976087512,Cova Tancada des Cap de Menorca,,,,,,attraction,,,,POINT (3.1912291 39.8541517),,,,cave_entrance,,,,,,,,,,,,,,,,,,,,,,,,,,,,,,,,,,,,,,,,,,,,,,,,,,,,,,,,,,,,,,,,,,,,,,,,,,,,,,,,,,,,,,,,,,,,,,,,,,,,,,,,,
node,987682556,Cova de ses Bruixes,Cova de ses Bruixes,,,,,attraction,,,,POINT (2.9223203 39.9005021),,,no,cave_entrance,,,,,,,,,,,,,,,,,,,,,,,,,,,,,,,,,,,,,,,,,,,,,,,,,,,,,,,,,,,,,,,,,,,,,,,,,,,,,,,,,,,,,,,,,,,,,,,,,,,,,,,,,
node,1129339488,Son Real,Son Real,,,,,attraction,,,,POINT (3.182411 39.7370278),,,,,,,,,,,,,,,,,,,,,,,,,,,,,,,,,,,,locality,,,,,,,,,,,,,,,,,,,,,,,,,,,,,,,,,,,,,,,,,,,,,,,,,,,,,,,,,,,,,,,,,,,,,,,,,
node,1273210106,La Cova de davant l'Illa des Porros,,,,,,attraction,,,,POINT (3.1856664 39.7531428),,,,,,,,archaeological_site,,,,,,,,,,,,,,,,,,,,,,,,,,,,,,,,,,,,,,,,,,,,,,,,,,,,,,megalith,megalith,,,,,,,,,,,,,,,,,,,,,,,,,,,,,,,,,,,,,,,,,,,,,,
node,4217753489,Streetmarket,,,,,,attraction,,,,POINT (3.3487604 39.6917783),,,,,,,,,,,,yes,,,,carrer Ciutat,,,,,,,,,Tu 08:00-13:00,,,,,,,,,,,,,,,,,,,,,,,,,,,,,,,,,,,,,,,,,,,,,,,,,,,,,,,,,,,,,,,,,,,,,,,,,,,,,,,,,,,,
node,6135405710,Son Catiu,,,,,,attraction,https://www.soncatiu.com/tienda.php,,,POINT (2.9581037 39.7100631),,,,,,,,,,,,yes,,,,,,,,,,,,,,,,,,,,,,,,,,,craft,,,,,,,,,,,,,,,,,,,,,,,,,,Olive oil tasting and guided tours,olive_oil,,,,,,,,,,,,,,,,,,,,,,,,,,,,,,,,,,,,,,,,,,,
node,6603627885,,,,,,,attraction,,,,POINT (3.1043958 39.7877418),,,,,,,,,,,,,,,,,,,,,,,,,,,,,,,,,,,,,,,,,,,,,,,,,,,,,,,,,,,,,,,,,,,,,,,,,,,,,,,,,,,,,,,,,,,,,,,,,,,,,,,,,,,,,
way,27211195,Carrer del Calvari,Carrer del Calvari,,Calvari Steps,,,attraction,,Q18018993,,"LINESTRING (3.0144915 39.878165, 3.0141915 39.8784013, 3.0140211 39.8785553, 3.0135482 39.8789706, 3.0128643 39.8795267, 3.0124061 39.8798658, 3.0121459 39.880141)",,yes,,,,,,,,,,no,,,,,,,,,,"[298606725, 1174121664, 680397300, 897075953, 301226664, 301226798, 298606726]",,,,sett,,,,,,,,,,,,,,,,,,,,,,,,,,,,,,,,,,,,,,,,,no,steps,up,no,no,356,,,,,,,,,,,,,,,,,,,,,,,,,,,,,,,,,,,,,
way,27445650,Porta des Moll,,,,Puerta del Muelle,,attraction,,,,"POLYGON ((3.1235874 39.853278, 3.1235556 39.8532056, 3.123524 39.8531339, 3.1235849 39.8531182, 3.1236162 39.8531895, 3.1236482 39.8532622, 3.1235874 39.853278))",,,,,,,,city_gate,,,,,,,,,,,,,,"[301340078, 683577823, 301340079, 301340080, 1580704986, 301340082, 301340078]",,,,,,,,yes,,,,,,,,,,,,,,,,,,,,,,,,,,,,,,,,,,,,,,,,,,,,,,,,,,,,,,,,,,,,,,,,,,,,,,,,,,,,,,,
way,35961613,Castell de Capdepera,Castell de Capdepera,,,,,attraction,http://www.capdeperacastell.com/,,es:Castillo de Capdepera,"POLYGON ((3.4334193 39.70502, 3.4333322 39.7049785, 3.433342 39.7049714, 3.4332427 39.7049289, 3.4332558 39.7049137, 3.4332427 39.7049092, 3.4332535 39.7048971, 3.4330832 39.7048141, 3.4330034 39.7047344, 3.4325481 39.7044141, 3.432398 39.7042761, 3.4328772 39.7041362, 3.4328582 39.7040948, 3.4329326 39.7040745, 3.4329484 39.7041171, 3.4333227 39.704014, 3.4333739 39.7040428, 3.4335205 39.7041252, 3.4335849 39.7041216, 3.4335768 39.7041691, 3.4335365 39.7041804, 3.4334796 39.7045212, 3.4335297 39.7045253, 3.4335231 39.7045784, 3.4334737 39.7045724, 3.433428 39.7048148, 3.4334944 39.7048285, 3.4334846 39.7048666, 3.4335131 39.7049004, 3.4334193 39.70502))",wall,,,,defensive,,,castle,,,,no,,,,,,,,,,"[420356860, 2387511832, 2387511831, 2387511830, 2387511829, 2387508294, 420356866, 2387508290, 2387508288, 2387508287, 420356861, 420356862, 2387511822, 2387511821, 2387511823, 420356863, 3637887997, 420356864, 2387511824, 2387508286, 420356865, 2387511825, 2387511826, 2387511828, 2387511827, 2387508289, 2387508291, 2387508292, 2387508293, 420356860]",,,,,,,,,,,,,,,,,,,,,,,,,,,,,,,,,,,,,,,,,,,,,,,,,,,,,,,,,,,,,,,,,,,,,,,,,,,,,,,,,,,,,,,
way,44641511,Planetarium,,,,,,attraction,,,,"POLYGON ((2.9504309 39.6424027, 2.9504845 39.6423712, 2.9505163 39.642315, 2.9504916 39.6422534, 2.9504247 39.6422188, 2.950185 39.6422236, 2.9501884 39.6423247, 2.9501912 39.6424075, 2.9504309 39.6424027))",,,,,,,,,,,,,,,,,,,,,,"[566671163, 567324588, 567324589, 567324590, 566671166, 566671168, 2459298366, 566671165, 566671163]",,,,,,,,yes,,,,,,,,,,,,,,,,,,,,,,,,,,,,,,,,,,,,,,,,,,,,,,,,,,,,,,,,,,,,,,,,,,,,,,,,,,,,,,,
way,52385372,Campament dels Soldats,Campament dels Soldats,Lager der Soldaten,,,,attraction,,,,"POLYGON ((3.3479066 39.7467339, 3.3487436 39.7460656, 3.3482614 39.7456656, 3.3479169 39.7456513, 3.3475405 39.7460287, 3.3475777 39.7461544, 3.3476917 39.7462299, 3.3477336 39.7462792, 3.3477727 39.7463499, 3.3477794 39.7464262, 3.3477451 39.7465021, 3.3476815 39.7465818, 3.3475218 39.7466965, 3.347374 39.7468215, 3.3473116 39.7468607, 3.3479066 39.7467339))",,,,,,,,ruins,,,,,,,,,,,,,,"[666172172, 666172179, 666172187, 1740124948, 1740124934, 666169757, 1613146016, 1700171089, 663840462, 1700170929, 1700170957, 1700170912, 1700171100, 663840378, 663840379, 666172172]",,,,,,,,,,,yes,,,,,,,,,,,,,,,,,,,,,,,,,,,,,,,,,,,,,,,,,,,,,,,,,,,,,,,,,,,,,,,,,,,,,,,,,,,,
way,83266442,Pont Romà,Pont Romà,,,,,attraction,,Q43103827,,"LINESTRING (3.0149952 39.8824325, 3.0150076 39.8824576, 3.015021 39.8824911, 3.0150556 39.8826378)",,,,,,,,,,,,,,,,,,,,,,"[968796312, 1510338888, 968796617, 968796346]",,,,,,,,,,,,,,,,,,,,,,,,,,,,,,,,,,,,,,,,,,,,,,footway,,yes,,,yes,3,Consell de Mallorca,1,,,,,,,,,,,,,,,,,,,,,,,,,,,,,,,,,
way,96731909,Torre de sa Talaia d'en Morey,,,,,,attraction,,,,"POLYGON ((3.3497643 39.7806726, 3.3497725 39.7806758, 3.3497816 39.7806766, 3.3497905 39.780675, 3.3497971 39.780672, 3.349803 39.7806666, 3.3498056 39.7806619, 3.3498065 39.7806549, 3.3498041 39.7806476, 3.3497988 39.7806419, 3.3497892 39.7806372, 3.3497802 39.780636, 3.3497671 39.7806387, 3.34976 39.7806432, 3.3497555 39.780649, 3.3497538 39.7806559, 3.3497559 39.7806644, 3.3497643 39.7806726))",,,,,,,,yes,Signal tower,,,,,,,,,,,,,"[1120194542, 1627296499, 1627296502, 1627296500, 1120194524, 1627296506, 1120194538, 1627296505, 1120194536, 1627296501, 1120194525, 1627296504, 1120194541, 1627296507, 1120194527, 1627296503, 1120194544, 1120194542]",,,,,,,,yes,,,,,,,,,,,,,,,,,tower,,,,,,,,,,,,,,,,,,,,,,,,,,,,,,defensive,,,,,,,,,,,,,,,,,,,,,,,,,,,,,,,,
way,97567445,Ermita de la Victòria,Ermita de la Victòria,,,,,attraction,,Q17619071,ca:Mare de Déu de la Victòria,"POLYGON ((3.1709574 39.8738, 3.1712022 39.8737414, 3.1711596 39.8736366, 3.1709148 39.8736953, 3.1709574 39.8738))",,,,,,,,,,,,,,,,,,,,,,"[1129581968, 1129581834, 1129582106, 1129581917, 1129581968]",,,,,,,place_of_worship,yes,christian,,,,ideib WMS,,,,,,,,,,,,,,,,,,,,,,,,,,,,,,,,,,,,,,,,,,,catholic,,,,,,,,,,,,,,,,,,,,,,,,,,,,,,,
way,99993608,Teatre Romà,Teatre Romà,,,teatro romano,,attraction,,Q9082219,ca:Teatre romà d'Alcúdia,"POLYGON ((3.1264085 39.8476109, 3.1265212 39.8474956, 3.1265816 39.8474253, 3.1266051 39.8473437, 3.1266135 39.8472157, 3.1261392 39.8472236, 3.1259858 39.8472718, 3.1262266 39.8475296, 3.1264085 39.8476109))",,,,,,,,,,,,,,,,,,,,,,"[1156165567, 1156165569, 3744505898, 1156165578, 3744505896, 3744505878, 1156165581, 1156165583, 1156165567]",,,"Apr-Sep: Mo-Fr 09:30-20:30; Apr-Sep: Sa,Su 09:30-14:30;Oct-Mar: Mo-Fr 09:30-15:30",,,,,,,,,,,,,,,,,,,,,,,,,,,,,,,,,,,,,,,,,,,,,,,,,,,,,,,,,,,,,,,,,,,,,,,,,,,,,,,,,,,,
way,170844951,Sa Torre Cega,,,,,,attraction,,,,"POLYGON ((3.4678002 39.7122366, 3.4680316 39.7123284, 3.4681536 39.7121464, 3.4679223 39.7120546, 3.4678002 39.7122366))",,,,,,,,,,,,,,,,,,,,,,"[1819805596, 1819805592, 1819805986, 1819805967, 1819805596]",,,,,,,,yes,,,,,,,,,,,,,,,,,,,,,,,,,,,,,,,,,,,,,,,,,,,,,,,,,Guillem Reynés Font,,,,,,,,,,,,,,,,,,,,,,,,,,,,,,
way,177265955,plaça de l'Orient,plaça de l'Orient,,,,,attraction,,,,"POLYGON ((3.4336715 39.7024337, 3.4339199 39.7025094, 3.434077 39.7021328, 3.4338522 39.7020871, 3.4338038 39.7020773, 3.4336715 39.7024337))",,,,,,,,,,,,yes,,,,,,,,,,"[36128700, 1877206625, 1877206624, 1878095651, 1877206623, 36128700]",,,,unhewn_cobblestone,,,,,,,yes,,,,,,,,,,,,,,,,,,,,,,,,,,,,,,,,,,,pedestrian,,yes,,,,,,,,,,Capdepera,,,,,,,,,,,,,,,,,,,,,,,,,,,,,
way,279318783,Torre de Canyamel,Torre de Canyamel,,,,,attraction,,Q1486776,,"POLYGON ((3.4117896 39.6675925, 3.4116291 39.6674854, 3.4117504 39.6673778, 3.4119108 39.6674848, 3.4117896 39.6675925))",,,,,,,,,,,,,,,,,,,,,,"[2835393077, 2835393078, 2835393079, 2835393080, 2835393077]",,,,,,,,yes,,,,,,locality,,,,,,,,,,,tower,,,,,,,,,,,,,,,,,,,,,,,,,,,,,,defensive,,,,,,,,,,,,,,,,,,,,,,,,,,,,,,,,
way,358963815,Església Nova,Església Nova,,,,,attraction,,,,"POLYGON ((3.359518 39.621086, 3.3593722 39.6211756, 3.358989 39.6214404, 3.3588205 39.6213167, 3.3591632 39.621061, 3.3593442 39.6209152, 3.3594707 39.6208144, 3.3595688 39.6208471, 3.3596185 39.6208639, 3.3594705 39.621055, 3.359518 39.621086))",,,,,,,,ruins,,,,,,,,,,,,,unfinished church in neo-gothic style,"[2117842685, 10061544301, 3637895479, 3637895478, 10061544300, 3637895476, 3637895473, 5212746673, 3637895474, 3637895477, 2117842685]",,,,,,,,,,,,,,,,,,,,,,,,,,,,,,,,,,,,,,,,,,,,,,,,,,,,,,,,,Joan Rubió i Bellver,,,,,,,,,,,,,,,,,,,,,,,,,,,,,,
way,572865172,Coves de Campanet,Coves de Campanet,,,,,attraction,,,,"POLYGON ((2.9685657 39.7924565, 2.9685811 39.7924732, 2.9686014 39.7924952, 2.9685 39.7925503, 2.9684524 39.792514, 2.9685657 39.7924565))",,,,,,,,,,,,,,,,,,,,,,"[5503469508, 5503469498, 269635535, 5503469506, 5503469505, 5503469508]",,,,,,,,,,,,,,,,,,,,,,,,,,,,,,,,,,,,,,,,,,,,,,,,,,,,,,,,,,,,,,,,,,,,,,,,,,,,,,,,,,,,,,,
way,686845922,Ciutat Romana de Pol·lèntia,,,,,,attraction,,,,"POLYGON ((3.1204887 39.850725, 3.1209192 39.8501444, 3.1212142 39.8502514, 3.1213 39.8500991, 3.1206161 39.8498808, 3.1201413 39.8505912, 3.1204887 39.850725))",,,,,,,,,,,,,,,,,,,,,,"[6438279578, 6438279577, 6438279576, 6438279575, 6438279574, 6438279573, 6438279578]",,,"Apr-Sep: Mo-Fr 09:30-20:30; Apr-Sep: Sa,Su 09:30-14:30;Oct-Mar: Mo-Fr 09:30-15:30",,,,,,,,,,,,,,,,,,,,,,,,,,,,,,,,,,,,,,,,,,,,,,,,,,,,,,,,,,,,,,,,,,,,,,,,,,,,,,,,,,,,
way,686845923,Pol·lèntia,Pol·lèntia,,,,,attraction,,Q1512868,de:Pol·lèntia,"POLYGON ((3.1222415 39.8495843, 3.1226599 39.8495369, 3.1228664 39.849574, 3.1230582 39.8490694, 3.1226479 39.8490324, 3.1221718 39.8487523, 3.1217319 39.8492651, 3.1220779 39.8495389, 3.1222415 39.8495843))",,,,,,,,,,,,,,,,,,,,,,"[6438280386, 6438280385, 6438279584, 6438279583, 6438279582, 6438279581, 6438279580, 6438279579, 6438280386]",,,"Apr-Sep: Mo-Fr 09:30-20:30; Apr-Sep: Sa,Su 09:30-14:30;Oct-Mar: Mo-Fr 09:30-15:30",,,,,,,,,,,,,,,,,,,,,,,,,,,,,,,,,,,,,,,,,,,,,,,,,,,,,,,,,,,,,,,,,,,,,,,,,,,,,,,,,,,,
relation,4054659,Ermita de Betlem,Ermita de Betlem,,,,,attraction,,Q1355964,ca:Ermita de Betlem,"MULTIPOLYGON (((3.3110341 39.7371966, 3.311172 39.7372878, 3.3112064 39.7372519, 3.3112903 39.7373354, 3.3113367 39.737302, 3.3114264 39.7373777, 3.3114626 39.7373659, 3.3115331 39.7374103, 3.3116156 39.7373691, 3.3113836 39.7370948, 3.3113412 39.7371161, 3.3112785 39.7370722, 3.3111865 39.7370079, 3.3110978 39.737089, 3.311112 39.7371081, 3.3110743 39.7371413, 3.3110768 39.7371554, 3.3110341 39.7371966)), ((3.3117714 39.7374607, 3.311838 39.7373633, 3.3118031 39.7373182, 3.3117699 39.7373304, 3.3117714 39.7373414, 3.3117334 39.7373669, 3.3116859 39.7373791, 3.3116432 39.737356, 3.3116083 39.7373803, 3.3116907 39.7374266, 3.3117208 39.737401, 3.3117714 39.7374607)))",,,,,,,,,,,,,,,,,,,,,,"[[[3087837835, 3087837836, 3087837837, 3087837838, 3087837839, 3087837840, 3087837841, 3087837842, 3087837843, 3087837844, 3087837845, 3087837835], [1120205181, 1120205281, 1120205158, 1120205353, 1120205232, 1120205118, 1120205300, 1120205178, 1120205377, 1484692422, 1484692423, 4273567744, 1120205346, 1120205231, 1484692424, 1120205116, 1484692419, 1120205181]]]",,,,,,,place_of_worship,yes,christian,,,,ideib WMS,,,,,"[304249819, 96735177]",multipolygon,,,,,,,,,,,,,,,,,,,,,,,,,,,,,,,,,,,,,catholic,,,,,,,,,,,,,,,,,,,,,,,,,,,,,,,
node,461796868,Capocorb Vell,Poblat talaiòtic de Capocorb Vell,,,,,attraction,,Q1034758,en:Capocorb Vell,POINT (2.8245405 39.3976431),,,,,,,,,,,,,,,,,,,,,,,,,,,,,,,,,,,,,,,,,,,,,,,,,,,,,,,,,,,,,,,,,,,,,,,,,,,,,,,,,,,,,,,,,,,,,,,,,,,,,,,,,,,,,
node,810080651,Banys Àrabs,Banys Àrabs,,,,,attraction,,,,POINT (2.6509864 39.5668142),,,yes,,,,,bath,,,,no,,,,,,,,,,,,,,,,,,,,,,,,,,,,,,,,,,,,,,,,,,,,,,,,,,,,,,,,,,,,,,,,,,,,,,,,,,,,,,,,,,,,,,,,,,,,,,,,,
node,1378796343,es Drac de na Coca,es Drac de na Coca,,Drac (Dragon) de Na Coca,Dragón de na Coca,,attraction,,,,POINT (2.6491686 39.567086),,,,,,,,yes,,,,,,,,,,,,,Stone carving of a legendary dragon that lived in the nearby sewers!,,,,,,,,,,,,,,,,,,,,,,,,,,,,,,,,,,,,,,,,,,,,,,,,,,,,,,,,,,,,,sculpture,,,,,,,,,,,,,,,,,,,,,,,,,,,
node,1481230274,Sínia del Hio,,,,,,attraction,,,,POINT (2.3918772 39.5459401),,,,,,,,archaeological_site,,,,yes,,,,,,,,,,,,,,,,,,,,,,,,,,,,,,,,,,,,,,,,,,,,,,,,,,,,,,,,,,,,,,,,,,,,,,,,,,,,,,,,,,,,,,,,,,,,,,,,,
node,1481230277,Sínia del Maa,,,,,,attraction,,,,POINT (2.3926321 39.5463828),,,,,,,,archaeological_site,,,,yes,,,,,,,,,,,,,,,,,,,,,,,,,,,,,,,,,,,,,,,,,,,,,,,,,,,,,,,,,,,,,,,,,,,,,,,,,,,,,,,,,,,,,,,,,,,,,,,,,
node,2271766527,Gun,,,,,,attraction,,,,POINT (2.4567032 39.5051307),,,,,,,,,,,,,,,,,,,,,,,,,,,,,,,,,,,,,,,,,,,,,,,,,,,,,,,,,,,,,,,,,,,,,,,,,,,,,,,,,,,,,,,,,,,,,,,,,,,,,,,,,,,,,
node,2992214120,Casino De Mallorca,,,,,,attraction,https://www.casinodemallorca.com/,,,POINT (2.6202657 39.5514149),,,,,,,,,,,,,,,07015,,,,,,,,,,,,,,casino,,,,,,,,,,,,,,,,,,,,,,,,,,,,,,,,,,,,,,,,,,,,,,,,,,,Palma de Mallorca,,,,,,,,,,,,,,,,,,,,,,,,,,,,,
node,3393503819,Jungle Park Junior,,,,,,attraction,,,,POINT (2.5852852 39.5398374),,,,,,,,,,,,,,,,,,,,,,,,,,,,,,,,,,,,,,,,,,,,,,,,,,,,,,,,,,,,,,,,,,,,,,,,,,,,,,,,,,,,,,,,,,,,,,,,,,,,,,,,,,,,,
node,4346041719,Forestal park,,,,,,attraction,http://www.forestalparkmallorca.com,,,POINT (2.7515306 39.5189279),,,,,,,,,,,,,,,,,,,,+34 606816249,,,,,,,,,,,,,,,,,,,,,,,,,,,,,,,,,,,,,,,,,,,,,,,,,,,,,,,,,,,,,,,,,,,,,,,,,,,,,,,,,,,,,,,,,
node,4843898522,Plaça Major,Plaça Major,,,Plaza mayor,,attraction,,,,POINT (2.6517252 39.5713778),,,,,,,,,,,,yes,,,,,,,,,,,,,,,,,,,,,,,,,,,,,,,,,,,,,,,,,,,,,,,,,,,,,,,,,,,,,,,,,,,,,,,,,,,,,,,,,,,,,,,,,,,,,,,,,
node,4986826929,,,,,,,attraction,,,,POINT (2.6498854 39.5688),,,,,,,,,,,,,,7,,carrer de l'Almudaina,,,,,,,,,,,,,,,,,,,,,,,,,,,,,,,,,,,,,,,,,,,,,,,,,,,,,,,,,,,,,,,,,,,,,,,,,,,,,,,,,,,,,,,,,,,,,
node,8044656691,,,,,,,attraction,,,,POINT (2.6533098 39.5706548),,,,,,,,,,,,,,,,,,,,,,,,,,,,,,,,,,,,,,,,,,,,,,,,,,,,,,,,,,,,,,,,,,,,,,,,,,,,,,,,,,,,,,,,,,,,,,,,,,,,,,,,,,,,,
node,8044656692,,,,,,,attraction,,,,POINT (2.6533098 39.5705266),,,,,,,,,,,,,,,,,,,,,,,,,,,,,,,,,,,,,,,,,,,,,,,,,,,,,,,,,,,,,,,,,,,,,,,,,,,,,,,,,,,,,,,,,,,,,,,,,,,,,,,,,,,,,
node,8044656693,,,,,,,attraction,,,,POINT (2.6533098 39.5704007),,,,,,,,,,,,,,,,,,,,,,,,,,,,,,,,,,,,,,,,,,,,,,,,,,,,,,,,,,,,,,,,,,,,,,,,,,,,,,,,,,,,,,,,,,,,,,,,,,,,,,,,,,,,,
node,8044677985,,,,,,,attraction,,,,POINT (2.6531429 39.5703298),,,,,,,,,,,,,,,,,,,,,,,,,,,,,,,,,,,,,,,,,,,,,,,,,,,,,,,,,,,,,,,,,,,,,,,,,,,,,,,,,,,,,,,,,,,,,,,,,,,,,,,,,,,,,
node,9653890517,,,Alter Olivenbaum,,,,attraction,,,,POINT (2.6500888 39.5695825),,,,,,,,,,,,,,,,,,,,,,,,,,,,,,,,,,,,,,,,,,,,,,,,,,,,,,,,,,,,,,,,,,,,,,,,,,,,,,,,,,,,,,,,,,,,,,,,,,,,,,,,,,,,,
way,23282751,Sa Llotja,Sa Llotja,,,Lonja de Palma,,attraction,,Q1866881,ca:Llotja de Palma,"POLYGON ((2.6440276 39.5684036, 2.6442578 39.5685923, 2.6446052 39.5683401, 2.6443752 39.568151, 2.6440276 39.5684036))",,,,,,,,yes,,,,,,5,,Plaça de la Llotja,,,,,,"[252002790, 252002791, 252002792, 252002793, 252002790]",,,,,,,,yes,,,,,,,,,,,,,,,,,,,,,,,,,,,,,,,,,,,,,,,,,,,,3,Consell de Mallorca,,,,,,,,1400s gothic building for merchants to trade at.,Llotja de Palma,La Llotja dels Mercaders de Palma,,,,,,,,,,,,,,,,,,,,,,,,
way,25883629,La Seu,La Seu,Kathedrale der Heiligen Maria von Palma de Mallorca,Palma Cathedral,Catedral de Santa María de Palma de Mallorca,,attraction,https://catedraldemallorca.org,Q1298819,es:Catedral de Santa María de Palma de Mallorca,"POLYGON ((2.6475738 39.5674586, 2.6476372 39.5674256, 2.647669 39.5674367, 2.6479771 39.5672846, 2.6484082 39.567078, 2.6485236 39.5670787, 2.6487917 39.5670528, 2.6488864 39.5670909, 2.648932 39.5671464, 2.6489404 39.56722, 2.6487646 39.5673149, 2.6488018 39.5673709, 2.6488017 39.5674058, 2.6487264 39.5674456, 2.6487634 39.5674877, 2.648716 39.5675118, 2.648744 39.5675527, 2.6487739 39.5675418, 2.6488048 39.5675954, 2.6488744 39.5677163, 2.6488834 39.5677319, 2.6488917 39.5677464, 2.6488788 39.5677506, 2.6488585 39.5677582, 2.6487704 39.5677894, 2.6487081 39.5678133, 2.6486902 39.5678208, 2.6486626 39.5677725, 2.648635 39.5677921, 2.6486204 39.5677927, 2.6486083 39.5677894, 2.6485728 39.5677786, 2.648429 39.5678245, 2.648416 39.5677886, 2.6484051 39.5677584, 2.6483658 39.5676853, 2.6480034 39.5678686, 2.6480199 39.5678877, 2.6479568 39.5679197, 2.6479199 39.5678796, 2.6479308 39.5678583, 2.6478665 39.5677826, 2.6478251 39.5678009, 2.6477827 39.5677547, 2.6477915 39.5677447, 2.6477515 39.5676956, 2.6477042 39.5676377, 2.6476901 39.5676439, 2.6476633 39.5676064, 2.6476702 39.5675895, 2.6476932 39.567575, 2.6476365 39.5674945, 2.6476089 39.567503, 2.6475738 39.5674586))",,,,,,,,church,,,yes,yes,Der Zugang für Rollstuhlfahrer ist über den Ausgang des Souvenir Shops. Toilette sogleich im Laubengang.,,,,,,,,,"[282346285, 1840232111, 1840232099, 683886521, 282346287, 282346288, 1840232072, 282346289, 1840232116, 282346290, 1840232090, 1840232078, 282346291, 1840232123, 1840232109, 1840232097, 282346292, 6822929584, 6875764100, 6856680777, 6823048500, 312986502, 8035377979, 8035377982, 6856680768, 6872681105, 312986501, 6822929583, 6822929582, 8035377978, 6822929581, 6822929580, 312986499, 6823026239, 6822929579, 312986498, 1840232085, 1840232070, 282346293, 1840232095, 1840232084, 1840232069, 1840232082, 1840232068, 1840232114, 6823048501, 1840232102, 1840232075, 1840232118, 1840232106, 1840232092, 1840232080, 1840232125, 282346285]",,,Mo-Fr 10:00-17:15; Sa 10:00-14:15,,,,place_of_worship,cathedral,christian,,,,,,,,,,,,,,https://photos.app.goo.gl/tYybDRWVK3y285os9,,,,,,,,,,,,,,,,,,,,,,,,,,,,,3,Consell de Mallorca,,,catholic,,,,,,Catedral de Mallorca,Catedral de Santa María de Palma de Mallorca,gothic,44,https://www.youtube.com/c/CatedralMallorca,https://youtu.be/OWnzMAdP3G8,,,,,,,,,,,,,,,,,,,,
way,167049938,,,,,,,attraction,,,,"POLYGON ((2.5351153 39.5077798, 2.5353052 39.5077882, 2.5352973 39.5078944, 2.5351075 39.507886, 2.5351153 39.5077798))",,,,,,,,,,,,,,,,,,,,,,"[1784557641, 1784557644, 1784557646, 1784557643, 1784557641]",,,,,swimming_pool,,,,,,,,,,,private,,,,,,,,,,,,,,,,,,,,,,,,,,,,,,,,,,,,,,,,,,,,,,,,,,https://youtu.be/p_fW9DgbWNY,,,,,,,,,,,,,,,,,,,,,
way,206594763,Torre de Cala Figuera,Torre de Cala Figuera,,,,,attraction,http://www.mallorca-torres.de/index_de.php?site=torres&rubrik=calafiguera,Q22066402,,"POLYGON ((2.5200933 39.4581991, 2.5200806 39.4581906, 2.5200639 39.4581888, 2.5200486 39.4581942, 2.5200395 39.4582051, 2.5200395 39.4582181, 2.5200486 39.4582291, 2.5200639 39.4582345, 2.5200806 39.4582326, 2.5200934 39.4582241, 2.5200981 39.4582116, 2.5200933 39.4581991))",,,,,,,,ruins,,,,,,,,,,,,,,"[2166199564, 2166199562, 2166199561, 2166199563, 2166199565, 2166199568, 2166199569, 2166199571, 2166199570, 2166199567, 2166199566, 2166199564]",,,,,,,,yes,,,,,,,,,,,,,,,,,,,,,,,,,,,,,,,,,,,,,,,,,,,,,,,,,,,,,,,,,,,,,,,,,,,,,,,,,,,,,,,
way,295500564,Castell de Sant Carles,Castell de Sant Carles,,,Castillo de San Carlos,,attraction,http://www.museomilitarsancarlos.com,Q577830,ca:Fortalesa de Sant Carles,"POLYGON ((2.6207084 39.5456543, 2.6212994 39.5459332, 2.6212994 39.5459768, 2.6213189 39.5460162, 2.6213471 39.5460434, 2.6213806 39.5460625, 2.6214124 39.5460734, 2.6214441 39.546072, 2.6215517 39.5463659, 2.6224886 39.5465196, 2.6225321 39.5465729, 2.6225808 39.5465931, 2.622824 39.5466008, 2.6228403 39.5467547, 2.622854 39.5467672, 2.6228715 39.5467758, 2.6228914 39.5467835, 2.6229176 39.5467845, 2.623111 39.5467364, 2.623242 39.5469115, 2.6232632 39.5469259, 2.6232856 39.5469317, 2.6233093 39.5469317, 2.6233418 39.5469278, 2.6233655 39.5469182, 2.6233755 39.5469028, 2.6235801 39.5465478, 2.6241502 39.5462419, 2.6242598 39.5461245, 2.624225 39.5459404, 2.6242518 39.5457823, 2.624006 39.5456719, 2.6227266 39.5456271, 2.6215107 39.5455781, 2.620678 39.5455455, 2.6207084 39.5456543))",,,no,,,,,castle,,,,,,,,,,,,,,"[2271432283, 2271432284, 2271432285, 2271432286, 2271432287, 2271432288, 2271432289, 2271432290, 2271432297, 2271432300, 2271432302, 2271432304, 2271432305, 2271432307, 2271432308, 2271432309, 2271432310, 2271432311, 2271432306, 2271432313, 2271432315, 2271432316, 2271432317, 2271432318, 2271432314, 2271432312, 2271432301, 2271432296, 2992314800, 2992314822, 2271118114, 2271118111, 2271118109, 2271118104, 2271118099, 2271432283]",,,,,,,,,,,,,,,,,,,,,,,,,,,,,,,,,,,,,,,,,,,,,,,,,,,,,,,,,,,,,Castle built in the 1600s. Now houses a military museum.,,,,,,,,,,,,,,,,,,,,,,,,,,
way,726537952,Jungle Parc,,,,,,attraction,http://www.jungleparc.es/,,,"POLYGON ((2.4686362 39.5078668, 2.4701914 39.508805, 2.4709851 39.5077883, 2.4715149 39.5067858, 2.4691466 39.5075172, 2.4686362 39.5078668))",,,,,,,,,,,,,,,,,mallorca@jungleparc.es,,,+34 630 94 82 95,,"[1092359921, 6810008456, 6810008457, 6810008458, 4523935594, 1092359921]",,,,,,climbing_adventure,,,,,,,,,,,,,,recreation_ground,,,,,,,,,,,,,,,,,,,,,,,,,,,,,,,,,,,,,,,,,,,,,,,,https://www.facebook.com/JungleParcMallorc,https://www.instagram.com/explore/locations/928726439/jungle-parc-mallorca,https://twitter.com/jungle_parc,https://www.youtube.com/channel/UC65QgCkzL5-Mfua27BVzkZg,off,,,,,,,,,,,,,,,
relation,1546327,Poble Espanyol,Poble Espanyol,,,Pueblo Español,,attraction,,Q9064319,es:Pueblo Español de Palma de Mallorca,"MULTIPOLYGON (((2.6267163 39.5726459, 2.6263416 39.5722438, 2.6263146 39.572157, 2.6263587 39.5720966, 2.6265301 39.5719606, 2.6266501 39.5719134, 2.6268167 39.5719021, 2.6269244 39.5719399, 2.6270493 39.5720059, 2.6272159 39.5720947, 2.627304 39.5721702, 2.6274143 39.5722023, 2.6275367 39.572206, 2.6278698 39.5721532, 2.6282763 39.5724534, 2.6281416 39.5725326, 2.6281612 39.5725534, 2.6280804 39.5726063, 2.6280608 39.5726591, 2.6280535 39.5727101, 2.6280069 39.5727252, 2.6279898 39.5727082, 2.6279562 39.5727218, 2.6279384 39.572729, 2.6279267 39.5727461, 2.6279242 39.5727626, 2.6279092 39.5727684, 2.6278882 39.5727686, 2.6278569 39.5727567, 2.6278549 39.5727456, 2.6276774 39.5727417, 2.6272981 39.5727127, 2.6267163 39.5726459)), ((2.6276328 39.5735746, 2.6275667 39.5735632, 2.6275456 39.5735419, 2.6273953 39.5733896, 2.626903 39.5728572, 2.6268589 39.5728138, 2.6268859 39.5727779, 2.6269397 39.5727572, 2.6273879 39.5727911, 2.6280492 39.572861, 2.6283088 39.572895, 2.6284018 39.5729346, 2.6284386 39.5729912, 2.6284018 39.5730535, 2.6282048 39.5731887, 2.6281128 39.5732518, 2.6280534 39.5732918, 2.6276518 39.5735618, 2.6276328 39.5735746)))",,,,,,,,,,,,,,,,,,,,,,"[[[1248626187, 1248625981, 1248626161, 1248624987, 1248625544, 1248625875, 1248626026, 1248624822, 1248625360, 1248625743, 1248625045, 1248625497, 1248625958, 1248626229, 1248624922, 1248625284, 1248625835, 1248626114, 1248624795, 1248625105, 1248625685, 1248625980, 1248625108, 1248626159, 1248624855, 1248626239, 1248625052, 1248625625, 1248625930, 1248624828, 1248625172, 1248625433, 1248626187], [1248625884, 1248625519, 1248626243, 1248625843, 1248626235, 1248625049, 1248625308, 1248625693, 1248626119, 1248624928, 1248625106, 1248625546, 1248625982, 1248624799, 1248625815, 1248626171, 1248626003, 1248626146, 1248625884]]]",,,,,,,,,,,,,,,,,,"[108941340, 108941325]",multipolygon,,,,,,,,,,,,,,,,,,,,,,,,,,,,,,,,,,,,,,,,,,,,,,,,,,,,,,1967,,,,,,,,,,,,,,
relation,2424202,Palau de l'Almudaina,Palau de l'Almudaina,Almudaina-Palast,Almudaina Palace,Palacio de la Almudaina,,attraction,,Q3176377,ca:Palau de l'Almudaina,"POLYGON ((2.6467084 39.5678342, 2.6467789 39.5679552, 2.6467544 39.5679639, 2.6467674 39.5679993, 2.6467952 39.5679911, 2.6468504 39.5681228, 2.6468207 39.5681329, 2.6468665 39.568264, 2.6468567 39.5683967, 2.6469477 39.5686035, 2.6469549 39.56861, 2.646955 39.5686195, 2.6469828 39.5686257, 2.6470381 39.5686406, 2.6476826 39.5683285, 2.6478098 39.5682699, 2.6478177 39.5682491, 2.6476302 39.5679484, 2.6476637 39.5679373, 2.6476439 39.5679009, 2.6476116 39.5679077, 2.6474719 39.5676622, 2.6475018 39.5676515, 2.6474871 39.5676134, 2.6474663 39.5676149, 2.6473906 39.5674903, 2.6473227 39.5673715, 2.647342 39.5673644, 2.6473048 39.5673041, 2.6472884 39.5673095, 2.6470375 39.5674055, 2.6469523 39.567443, 2.6469213 39.5674544, 2.6469069 39.5674379, 2.6465551 39.5676211, 2.6466753 39.5677792, 2.6466502 39.56779, 2.6466795 39.5678428, 2.6467084 39.5678342), (2.6474346 39.5679938, 2.6474634 39.5680438, 2.6475111 39.5680271, 2.6476655 39.5682985, 2.6470955 39.5685644, 2.647006 39.5685321, 2.6469382 39.5683486, 2.6469367 39.568273, 2.6469209 39.5682429, 2.6470984 39.5681684, 2.6470825 39.5681417, 2.6474346 39.5679938), (2.6469638 39.5677835, 2.6470603 39.5679224, 2.646955 39.5679658, 2.646879 39.5678237, 2.6469638 39.5677835), (2.6472187 39.5679132, 2.6470474 39.5676855, 2.6470178 39.5676382, 2.6470005 39.5676222, 2.647046 39.5675992, 2.6470281 39.5675723, 2.6472379 39.5674892, 2.6472655 39.5675309, 2.6474385 39.567823, 2.6472187 39.5679132))",,,,,,,,castle,,,,,,,,,,,,,,"[[[8035425008, 1921983001, 7017699775, 7017699783, 7017760590, 1921983007, 7017677842, 501860049, 1921983002, 1921983005, 2435563156, 1921983017, 1921983013, 1921983019, 1921983021, 1921983039, 1921983038, 1921983041, 1921983042, 501860051, 8035424989, 1539774921, 1539774915, 312811793, 7017760607, 7017760617, 7017760624, 7017760631, 8035425020, 8035425019, 8035425018, 8035425017, 8035425016, 8035425015, 8035425014, 8035425013, 8035425012, 8035425010, 8035425008], [1921983024, 6856644946, 1921983011, 1921983015, 8035424987, 8035424988, 6856640243, 6856640242, 1921983028, 1921983024], [1921983043, 1921983040, 1921983022, 1921983026, 1921983043], [1921983053, 1921983055, 1921983059, 1921983061, 1921983063, 1921983057, 1921983046, 1921983048, 1921983044, 1921983050, 1921983051, 1921983053]]]",,,,,,,,yes,,,,,,,,,,"[41126083, 181767875, 181767874, 181767867]",multipolygon,,,,,,,,,,,,,,,,,,,,,,,,,,,,,,,,,3,Consell de Mallorca,,,,,,Patrimonio Nacional,,"Fortified palace of Palma, originally built as an Arab fort and then used as an official royal residence.",,Palau de l'Almudaina,,,,,,,,,,,Royal Palace of La Almudaina,en:wikipedia,,,,,,,,,,,,
relation,6214761,Castell de Bellver,Castell de Bellver,Burg von Bellver,Bellver Castle,Castillo de Bellver,,attraction,https://castelldebellver.palmademallorca.es/portal/PALMA/castelldebellver/castelldebellver_principal1.jsp?codResi=1,Q261707,ca:Castell de Bellver,"POLYGON ((2.618899 39.5640342, 2.6188922 39.5640697, 2.6189035 39.5641188, 2.6189409 39.5641742, 2.6189935 39.5642063, 2.6190405 39.564233, 2.6190786 39.5642804, 2.6191209 39.5643097, 2.6191425 39.5643543, 2.6192015 39.5643964, 2.6192713 39.5644026, 2.6193471 39.5643744, 2.6194083 39.564314, 2.6194473 39.5643033, 2.619477 39.5642788, 2.6194959 39.564254, 2.6195056 39.564233, 2.6195141 39.5642142, 2.6195134 39.5641859, 2.61953 39.5641244, 2.6195873 39.5640891, 2.6196285 39.5640713, 2.6196645 39.5640411, 2.619691 39.56401, 2.6197183 39.5639553, 2.6197824 39.5639096, 2.6198056 39.5638651, 2.6198162 39.5638072, 2.6198078 39.5637599, 2.6197655 39.5636804, 2.6197355 39.5636294, 2.6197118 39.5635859, 2.6196592 39.563542, 2.6196162 39.5635056, 2.619528 39.5634678, 2.6194929 39.5634285, 2.619478 39.563381, 2.6194167 39.5633346, 2.6193263 39.5633189, 2.6192086 39.5633433, 2.6191623 39.5633909, 2.6191499 39.5634257, 2.6190979 39.5634265, 2.6190331 39.5634579, 2.619006 39.5634993, 2.6189308 39.5635401, 2.6188646 39.5636106, 2.618843 39.5636522, 2.6187525 39.5636637, 2.6186883 39.563699, 2.6186622 39.5637217, 2.6186379 39.5637503, 2.6186224 39.5637923, 2.6186305 39.5638263, 2.6186464 39.5638687, 2.6186792 39.5639047, 2.618712 39.5639275, 2.618708 39.5639404, 2.6187544 39.5639602, 2.618801 39.5639733, 2.6188493 39.5639744, 2.618899 39.5640342), (2.6191825 39.5635269, 2.6191914 39.5635155, 2.6192361 39.5634707, 2.6192852 39.5634592, 2.6193299 39.5634603, 2.6193761 39.563473, 2.6194148 39.5634971, 2.6194357 39.5635361, 2.6195012 39.563566, 2.6195474 39.5635958, 2.6195846 39.5636291, 2.6196144 39.5636647, 2.6196367 39.5636946, 2.6196412 39.5637176, 2.6196472 39.5637348, 2.6196904 39.5637532, 2.6197157 39.5637819, 2.6197231 39.5638117, 2.6197216 39.5638358, 2.6197127 39.5638599, 2.6196978 39.563876, 2.6196695 39.5638909, 2.6196487 39.5638978, 2.6196338 39.5639334, 2.619604 39.5639794, 2.6195369 39.5640207, 2.6194982 39.5640425, 2.619455 39.5640563, 2.6194193 39.5640747, 2.6194372 39.5641022, 2.6194431 39.5641424, 2.6194342 39.5641757, 2.6194089 39.5642205, 2.6193582 39.5642481, 2.6192957 39.5642492, 2.6192391 39.5642435, 2.6191988 39.5642239, 2.6191661 39.5641792, 2.6191586 39.564139, 2.6191616 39.5641172, 2.6191676 39.5640976, 2.619178 39.5640735, 2.6191214 39.5640597, 2.6190707 39.5640391, 2.6190275 39.5640081, 2.6189888 39.5639702, 2.618968 39.5639369, 2.6189546 39.5639105, 2.6189456 39.5638818, 2.6189248 39.5638749, 2.6188905 39.5638485, 2.6188756 39.563814, 2.6188905 39.5637623, 2.6189143 39.5637417, 2.6189486 39.5637279, 2.6189695 39.5637222, 2.6189695 39.5636854, 2.6189978 39.5636383, 2.619035 39.5636027, 2.6190827 39.5635694, 2.6191407 39.5635488, 2.6191825 39.5635269))",,,Mo-Sa,,defensive,,,castle,Precio entrada: 4 Euros,,,yes,,,,carrer de Camilo José Cela,,,Château de Bellver,,,"[[[289525170, 2277544171, 2277544170, 289525171, 2277544169, 2277544168, 2277544167, 2277544166, 289525172, 2277544165, 2277544164, 289525173, 289525174, 289525175, 2277544162, 289525176, 289525177, 2277544160, 289525178, 289525179, 2277544158, 289525180, 289525181, 289525182, 289525183, 2277544159, 289525184, 289525185, 2277544161, 289525186, 2277544163, 289525187, 289525188, 289525189, 289525190, 289525191, 289525192, 2277544172, 289525193, 2277544174, 289525194, 2277544176, 317811822, 2277544178, 2277544180, 289525195, 2277544184, 2277544185, 289525196, 289525197, 289525198, 2277544187, 289525199, 289525200, 2277544183, 2277544179, 289525201, 2277544177, 289525202, 2277544173, 289525203, 289525170], [2776097519, 2776097514, 2776097521, 2776097526, 2776097532, 2776097536, 2776097540, 2776097544, 2776097550, 2776097553, 2776097560, 2776097562, 2776097566, 2776097575, 2776097578, 2776097581, 2776097586, 2776097590, 2776097597, 2776097599, 2776097603, 2776097613, 2776097621, 2776097628, 2776097634, 2776097640, 2776097644, 2776097647, 2776097637, 2776097630, 2776097624, 2776097608, 2776097600, 2776097591, 2776097594, 2776097588, 2776097583, 2776097580, 2776097573, 2776097568, 2776097571, 2776097564, 2776097558, 2776097556, 2776097551, 2776097548, 2776097542, 2776097539, 2776097534, 2776097529, 2776097527, 2776097524, 2776097516, 2776097510, 2776097504, 2776097502, 2776097499, 2776097497, 2776097495, 2776097505, 2776097508, 2776097519]]]",,,Tu-Sa 10:00-19:00; Su 10:00-15:00,,,,,public,,,,,en:Bellver Castle,,,,,"[26425077, 272675757]",multipolygon,,,,https://commons.wikimedia.org/wiki/File%3ACastell_de_Bellver_-_9545.jpg,,,,,,,,,,,,,,,,,,,,,,,,,,,,,3,Consell de Mallorca,,,,,,Ajuntament de Palma,,Classic C14th medieval castle. Now houses Palma's city history museum.,,,gothic,4,,,,,,,,,,,#E5C0A3,stone,Belverio pilis,Замок Бельвер,2.5 euros,#A5AEAB,,,,,,
node,26731562,la Reserva,la Reserva,,,,,attraction,http://reservapark.net/,,,POINT (2.4946493 39.6158661),,,,,,,,,zoo and adventure park,,,,,,,,,,,,,,,,,,park,,,,,,,,,,,,,,,,,,,,,,,,,,,,,,,,,,,,,,,,,,,,,,,,,,,,,,,,,,,,,,,,,,,,,,,,,,,,,,,,,,
node,302910494,Oli Caimari,Oli Caimari,,,,,attraction,http://www.aceites-olicaimari.com,,,POINT (2.9017834 39.7663404),,,,,,,,,,,,,,,,,,,,,,,,,,,,,,,,,,,,,,,deli,,,,,,,,,,,,,,,,,,,,,,,,,,,,,,,,,,,,,,,,,,,,"Factory and shop of olive oil producer, Oli Caimari",,,,,,,,,,,,,,,,,,,,,olive_oil,,,,,
node,420417937,Raixa,,,,,,attraction,http://www.raixa.cat,,,POINT (2.6727888 39.6804698),,,no,,,,,,,,,,,,,,,,,,,,,,"Sa,Su 10:00-14:00",,,,,,,,,,,,,,,,,,,,,,,,,,,,,,,,,,,,,,,,,,,,,,,,,,,,,,,,,,,,,,,,,,,,,,,,,,,,,,,,,,,,
node,564631089,es Camell,es Camell,,,,,attraction,,,,POINT (2.8906347 39.8236836),,,,,,,,,Rock seems a camel,,,,,,,,,,,,,,,,,,,,,,,,,,,,,,,,,,,,,,,,,,,,,,,,,,,,,,,,,,,,,,,,,,,,,,,,,,,,,,,,,,,,,,,,,,,,,,,,rock,,,,
node,571137455,Font de s'Avenc,Font de s'Avenc,,,,,attraction,,,,POINT (2.8571893 39.8024041),,,,,,,,,,,,,,,,,,,,,,,,,,,,,drinking_water,,,,,,,,,,,,,,,,,,,,,,,,,,,,,,,,,,,,,,,,,,,,,,,,,,,,,,,,,,,,,,,,,,,,,,,,,,,,,,,,
node,1167810716,Palau del Rei Sanç,Palau del Rei Sanç,,,,,attraction,,,,POINT (2.6229146 39.7092145),,,,,,,,manor,,,,,,,,,,,,,,,,,,,,,,,,,,,,,,,,,,,,,,,,,,,,,,,,,,,,,,,,,,,,,,,,,,,,,,,,,,,,,,,,,,,,,,,,,,,,,,,,,,,,,
node,1170200432,Ostrich,,,,,,attraction,,,,POINT (2.4932797 39.6187889),,,,,,,,,,,,,,,,,,,,,,,,,,,,,,,,,,,,,,,,,,,,,,,,,,,,,,,,,,,,,,,,,,,,,,,,,,,,,,,,,,,,,,,,,,,,,,,,,,,,,,,,,,,,,
node,1170200438,Goat,,,,,,attraction,,,,POINT (2.4924969 39.6193197),,,,,,,,,,,,,,,,,,,,,,,,,,,,,,,,,,,,,,,,,,,,,,,,,,,,,,,,,,,,,,,,,,,,,,,,,,,,,,,,,,,,,,,,,,,,,,,,,,,,,,,,,,,,,
node,1170200448,Sheep,,,,,,attraction,,,,POINT (2.4926544 39.6192127),,,,,,,,,,,,,,,,,,,,,,,,,,,,,,,,,,,,,,,,,,,,,,,,,,,,,,,,,,,,,,,,,,,,,,,,,,,,,,,,,,,,,,,,,,,,,,,,,,,,,,,,,,,,,
node,1170200457,Deer,,,,,,attraction,,,,POINT (2.492937 39.6190271),,,,,,,,,,,,,,,,,,,,,,,,,,,,,,,,,,,,,,,,,,,,,,,,,,,,,,,,,,,,,,,,,,,,,,,,,,,,,,,,,,,,,,,,,,,,,,,,,,,,,,,,,,,,,
node,1170200477,Rabbits,,,,,,attraction,,,,POINT (2.4924738 39.6192269),,,,,,,,,,,,,,,,,,,,,,,,,,,,,,,,,,,,,,,,,,,,,,,,,,,,,,,,,,,,,,,,,,,,,,,,,,,,,,,,,,,,,,,,,,,,,,,,,,,,,,,,,,,,,
node,1170200484,Donkey,,,,,,attraction,,,,POINT (2.4936133 39.6196087),,,,,,,,,,,,,,,,,,,,,,,,,,,,,,,,,,,,,,,,,,,,,,,,,,,,,,,,,,,,,,,,,,,,,,,,,,,,,,,,,,,,,,,,,,,,,,,,,,,,,,,,,,,,,
node,1242612574,Nus de sa Corbata,Nus de sa Corbata,,,,,attraction,,,,POINT (2.8159767 39.8323368),,,,,,,,,,,,,,,,,,,,,,,,,,,,,,,,,,,,locality,,,,,,,,,,,,,,,,,,,,,,,,,,,,,,,,,,,,,,,,,,,,,,,,,,,,,,,,,,,,,,,,,,,,,,,,,
node,1242626741,Castell d'Alaró,Castell d'Alaró,,,,,attraction,,,,POINT (2.7935906 39.7325261),,,,,,,,,,,,,,,,,,,,,,,,,,,,,,,,,,,,isolated_dwelling,,,,,,,,,,,,,,,,,,,,,,,,,,,,,,,,,,,,,,,,,,,,,,,,,,,,,,,,,,,,,,,,,,,,,,,,,
node,2727936391,Manxa de Son Corb,Manxa de Son Corb,Förderpumpe vom Son Corb,Wheel pump of Son Corb,Mancha de Son Corb,,attraction,,,,POINT (2.7917804 39.7067542),,,,,,,,yes,,,,,,,,,,,,,,,,,,,,,,,,,,,survey,,,,,,,,,,,,water_well,,,,,,,,,,,,,,,,,,,,,,,,,,,,,,,,,,,,,,,,,,,,,,,,,,,,,,,,,,,,,,
node,2729251966,Rentador de Son Rafalet,Rentador de Son Rafalet,,,,,attraction,,,,POINT (2.7836783 39.7094091),,,,,,,,lavoir,,,,,,,,,,,,,,,,,,,,,,,,,,,"Bing,survey",,,,,,,,,,,,,,,,,,,,,,,,,,,,,,,,,,,,,,,,,,,,,,,,,,,,,,,,,,,,,,,,,,,,,,,,,,
node,2731964949,Manxa de Can Pintat,Manxa de Can Pintat,,,,,attraction,,,,POINT (2.7905523 39.7049436),,,,,,,,yes,,,,,,,,,,,,,,,,,,,,,,,,,,,survey,,,,,,,,,,,,water_well,,,,,,,,,,,,,,,,,,,,,,,,,,,,,,,,,,,,,,,,,,,,,,,,,,,,,,,,,,,,,,
node,2819548985,Es Salt des Freu,,,,,,attraction,,,,POINT (2.7470719 39.7237637),,,,,,,,,,,,,,,,,,,,,,,,,,,,,,,,,,,,,,,,,,,,,,,,,,,,,,,,,,,,,,,,,,,,,,,,,,,,,,,,,,,,,,,,,,,,,,,,,,,,,,,,,,waterfall,,,
node,3112502731,Font de la Plaça,Font de la Plaça,,,,,attraction,,,,POINT (2.7892202 39.7057688),,,,,,,,fountain,,,,,,,,,,,,,,,,,,,,,drinking_water,,,,,,survey,,,,,,,,,,,,,,,,,,,,,,,,,,,,,,,,,,,,,,,,,,,,,,,,,,,,,,,,,,,,,,,,,,,,,,,,,,
node,3118202829,Manxa del Porrossar,,,,,,attraction,,,,POINT (2.7864362 39.7051514),,,,,,,,water_well,,,,,,,,,,,,,,,,,,,,,,,,,,,survey,,,,,,,,,,,,water_well,,,,,,,,,,,,,,,,,,,,,,,,,,,,,,,,,,,,,,,,,,,,,,,,,,,,,,,,,,,,,,
node,9067732195,s'Arraval,,Historische Oberstadt,,,,attraction,,,,POINT (2.4818888 39.6529162),,,,,,,,,,,,,,,,,,,,,,,,,,,,,,,,,,,,,,,,,,,,,,,,,,,,,,,,,,,,,,,,,,,,,,,,,,,,,,,,,,,,,,,,,,,,,,,,,,,,,,,,,,,,,
node,9067732196,Rentadors,Rentadors,Historisches Waschhaus,,lavadero público,,attraction,,,,POINT (2.4835818 39.6533584),,,,,,,,,,,,,,,,,,,,,,,,,,,,,,,,,,,,,,,,,,,,,,,,,,,,,,,,,,,,,,,,,,,,,,,,,,,,,,,,,,,,,,,,,,,,,,,,,,,,,,,,,,,,,
node,9702323617,,,,,,,attraction,,,,POINT (2.6947408 39.7989322),,,,,,,,,,,,,,,,,,,,,,,,,,,,,,,,,,,,,,,,,,,,,,,,,,,,,,,,,,,,,,,,,,,,,,,,,,,,,,,,,,,,,,,,,,,,,,,,,,,,,,,,,,,,,
way,35968157,jardí botànic,jardí botànic,,,,,attraction,http://www.jardibotanicdesoller.org,,,"POLYGON ((2.708869 39.7647314, 2.7092525 39.7637965, 2.7093588 39.7638911, 2.7098302 39.7643103, 2.7101203 39.764633, 2.7101723 39.7648085, 2.7101766 39.7649091, 2.710134 39.7652602, 2.7098109 39.7653743, 2.709501 39.7651489, 2.7091967 39.7649341, 2.708869 39.7647314))",,,,,,,,,,,,,,,,,jbs@jardibotanicdesoller.org,,,+34 971634014,,"[420418756, 420418757, 5724024341, 420418758, 420418759, 1652738743, 1652738745, 1630411760, 1135436475, 420418761, 420418762, 420418756]",,,Mo-Sa 10:00-18:00,,garden,,,,,,,,,,,,,,,,,,,,,,,,,,,,,,,,,,,,,,,,,,,,,,,,,,,,,,,,,,,,,,,,,,,,,,,,,,,,,,,,,,
way,96933190,Quarter des Carabiners,,,,,,attraction,,,,"POLYGON ((2.8377257 39.8471666, 2.8380346 39.8469533, 2.8379493 39.8468806, 2.8376827 39.8470647, 2.8376145 39.8470065, 2.8375723 39.8470357, 2.8377257 39.8471666))",,,,,,,,,,,,,,,,,,,,,,"[1123317068, 1123317075, 1123317082, 1490652116, 1490652162, 1123317087, 1123317068]",,,,,,,,yes,,,,,,,,,,,,,,,,,,,,,,,,,,,,,,,,,,,,,,,,,,,,,,,,,,,,,,,,,,,,,,,,,,,,,,,,,,,,,,,
way,98577403,,,,,,,attraction,http://www.monestirdemiramar.es/,,,"POLYGON ((2.6174368 39.7392224, 2.6174355 39.7389616, 2.6176012 39.7389611, 2.6176024 39.7392219, 2.6174368 39.7392224))",,,yes,,,,,,,,,,,,,,,,,,,"[1140469730, 1140469731, 1140469735, 1140469738, 1140469730]",,,Mo-Sa 10:00-17:45,,,,,monastery,,,,,,,,,,,,,,,,,,,,,,,,,,,,,,,,,,,,,,,,,,,,,,,,,,,,,,,,,,,,,,,,,,,,,,,,,,,,,4 EUR,,
way,229657699,Casa de neu superior de n'Arbona,Cases de Neu,,,Casas de Nieve,,attraction,,,es:Coma de n'Arbona,"POLYGON ((2.7838281 39.7985248, 2.783857 39.7984957, 2.7838371 39.7984513, 2.7838209 39.798407, 2.7837848 39.7983918, 2.7837433 39.7984098, 2.7837506 39.7984347, 2.7837812 39.7985054, 2.7838011 39.7985179, 2.7838281 39.7985248))",wall,,,,,,,,,,,,,,,,,,,,,"[2382253559, 2382253555, 2382253553, 2382253549, 2382253548, 2382253550, 2382253552, 2382253556, 2382253557, 2382253559]",,,,,,,,,,,,,,,,,,,,,,,,,,,,,,,,,,,,,,,,,,,,,,,,,,,,,,,,,,,,,,,,,,,,,,,,,,,,,,,,,,,,,,,
way,267066608,Torre de l'electricitat,Torre de l'electricitat,Turm des alten kraftwerks,Tower of the old powerhouse,Torre de la electricidad,,attraction,,,,"POLYGON ((2.7910797 39.705246, 2.7910995 39.7052591, 2.7911253 39.7052587, 2.7911433 39.7052445, 2.791143 39.7052245, 2.7911245 39.7052106, 2.7910986 39.7052109, 2.7910806 39.7052252, 2.7910797 39.705246))",,,,,,,,technical_monument,,,,,,,,,,,,,,"[2725473951, 2725473957, 2725473955, 2725473949, 2725473939, 2725473934, 2725473935, 2725473940, 2725473951]",,,,,,,,industrial,,,,,catastro,,,,,,,,,,,,,,,,,,,,,,,,,1901-08-15,,,,,,,,,,,,,,,,,,,,,,,,,,,,,,,,,,,,,,,,,,,,,,,,1,2014-01
way,305206241,Cases de Neu,Cases de Neu,,,Casas de Nieve,,attraction,,,es:Coma de n'Arbona,"POLYGON ((2.7821097 39.7972412, 2.7821397 39.7972688, 2.7821177 39.7972829, 2.7820878 39.7972553, 2.7821097 39.7972412))",wall,,,,,,,,,,,,,,,,,,,,,"[3098018206, 3098018208, 3098018209, 3098018207, 3098018206]",,,,,,,,,,,,,,,,,,,,,,,,,,,,,,,,,,,,,,,,,,,,,,,,,,,,,,,,,,,,,,,,,,,,,,,,,,,,,,,,,,,,,,,
way,305206242,Casa dels nevaters,Casa dels nevaters,,,Casas de Nieve,,attraction,,,es:Coma de n'Arbona,"POLYGON ((2.7823312 39.7976306, 2.7823541 39.7977022, 2.7823112 39.7977103, 2.7822883 39.7976387, 2.7823312 39.7976306))",wall,,,,,,,,,,,,,,,,,,,,,"[3098018210, 3098018212, 3098018213, 3098018211, 3098018210]",,,,,,,,,,,,,,,,,,,,,,,,,,,,,,,,,,,,,,,,,,,,,,,,,,,,,,,,,,,,,,,,,,,,,,,,,,,,,,,,,,,,,,,
way,356256630,Lafiore,,,,,,attraction,,,,"POLYGON ((2.6401592 39.6671156, 2.6402941 39.6671075, 2.6406749 39.6670726, 2.6407544 39.6669337, 2.6410574 39.6669188, 2.6410682 39.6663012, 2.6400761 39.6662849, 2.6401592 39.6671156))",,,,,,,,,,,,,,,,,,,,+34 971611800,,"[3617271125, 5689019783, 3617271126, 3617271127, 3617271128, 3617271129, 3617271130, 3617271125]",,,09:00-18:00; Sa 9:00-13:45; Dec-Jan Mo-Fr 09:00-14:00,,,,,,,,,,,,,,yes,,,commercial,,,,,,,,,,,,,,,,,,,,,,,,glaziery,,,,,,,,,,,,,,,,,,,,,,,,,,,,,,,,,,,,,,,,,,,
